Order_Date,Category,Customer_ID,Revenue
2022-04-13,Technology,CUST-0271,318.05
2023-04-12,Furniture,CUST-0459,540.89
2022-04-10,Furniture,CUST-0131,135.73
2022-10-04,Office Supplies,CUST-0314,296.38
2023-07-15,Office Supplies,CUST-0170,163.57
2023-07-21,Technology,CUST-0131,175.67
2023-10-09,Furniture,CUST-0167,21.67
2022-12-06,Furniture,CUST-0444,428.37
2023-05-24,Technology,CUST-0035,166.52
2022-01-02,Office Supplies,CUST-0054,266.58
2023-04-22,Technology,CUST-0218,77.95
2022-09-28,Furniture,CUST-0215,300.81
2022-12-04,Office Supplies,CUST-0280,203.98
2022-07-07,Office Supplies,CUST-0041,95.73
2023-06-05,Technology,CUST-0492,130.55
2022-03-04,Technology,CUST-0081,381.58
2023-05-05,Office Supplies,CUST-0041,324.45
2022-07-20,Office Supplies,CUST-0418,164.29
2022-04-09,Office Supplies,CUST-0214,102.89
2023-09-05,Technology,CUST-0131,261.37
2023-01-28,Technology,CUST-0346,545.42
2023-04-06,Furniture,CUST-0352,50.89
2023-04-30,Furniture,CUST-0237,408.87
2023-06-25,Furniture,CUST-0160,571.49
2023-11-13,Technology,CUST-0441,356.68
2022-01-28,Furniture,CUST-0340,215.42
2022-12-14,Office Supplies,CUST-0190,390.72
2023-01-12,Office Supplies,CUST-0121,249.47
2023-04-01,Office Supplies,CUST-0318,243.23
2022-08-22,Office Supplies,CUST-0463,134.1
2023-11-23,Office Supplies,CUST-0497,124.07
2022-09-25,Furniture,CUST-0386,104.02
2023-11-30,Office Supplies,CUST-0130,279.56
2022-08-13,Office Supplies,CUST-0126,194.67
2023-02-20,Office Supplies,CUST-0439,68.09
2022-05-03,Furniture,CUST-0294,505.54
2023-05-26,Furniture,CUST-0097,51.95
2022-07-06,Furniture,CUST-0349,142.17
2022-12-12,Office Supplies,CUST-0147,364.43
2023-12-12,Furniture,CUST-0417,273.91
2023-04-18,Furniture,CUST-0415,354.36
2023-07-26,Furniture,CUST-0385,63.5
2023-10-14,Office Supplies,CUST-0160,49.58
2022-07-27,Technology,CUST-0152,446.99
2023-11-04,Office Supplies,CUST-0075,363.62
2023-04-18,Office Supplies,CUST-0349,624.75
2022-12-04,Office Supplies,CUST-0163,66.39
2023-02-02,Office Supplies,CUST-0404,319.93
2023-01-27,Technology,CUST-0401,272.02
2023-04-15,Furniture,CUST-0238,26.99
2022-08-18,Office Supplies,CUST-0438,178.96
2023-09-01,Office Supplies,CUST-0448,367.83
2023-10-21,Office Supplies,CUST-0192,75.74
2023-04-22,Furniture,CUST-0006,284.44
2022-02-06,Technology,CUST-0497,547.99
2022-09-10,Office Supplies,CUST-0471,183.26
2023-07-20,Office Supplies,CUST-0360,32.98
2023-09-18,Office Supplies,CUST-0342,58.25
2022-04-14,Office Supplies,CUST-0299,104.78
2022-02-08,Furniture,CUST-0247,43.08
2023-05-21,Furniture,CUST-0036,130.88
2022-11-17,Furniture,CUST-0494,238.19
2022-04-02,Office Supplies,CUST-0288,228.55
2022-02-20,Office Supplies,CUST-0063,142.63
2022-02-23,Office Supplies,CUST-0101,307.2
2022-02-22,Furniture,CUST-0108,106.85
2022-12-16,Office Supplies,CUST-0311,235.44
2023-10-18,Technology,CUST-0124,58.1
2022-12-12,Furniture,CUST-0117,22.96
2022-05-07,Office Supplies,CUST-0129,152.56
2023-09-30,Furniture,CUST-0089,154.69
2022-09-29,Office Supplies,CUST-0192,741.81
2022-03-17,Office Supplies,CUST-0435,406.38
2023-11-28,Office Supplies,CUST-0220,276.94
2022-08-06,Technology,CUST-0341,345.61
2022-10-16,Office Supplies,CUST-0357,574.46
2022-06-29,Office Supplies,CUST-0250,50.19
2023-08-31,Technology,CUST-0325,391.69
2022-09-15,Furniture,CUST-0384,547.37
2023-10-26,Office Supplies,CUST-0163,119.04
2023-09-05,Office Supplies,CUST-0065,133.71
2023-08-25,Office Supplies,CUST-0115,233.92
2022-07-15,Office Supplies,CUST-0114,374.24
2022-10-04,Technology,CUST-0164,251.48
2023-04-02,Office Supplies,CUST-0227,196.78
2022-04-06,Office Supplies,CUST-0190,218.73
2023-01-04,Office Supplies,CUST-0279,143.23
2022-03-03,Office Supplies,CUST-0217,243.33
2023-11-30,Furniture,CUST-0100,160.88
2023-01-19,Office Supplies,CUST-0367,119.26
2022-03-10,Furniture,CUST-0025,49.54
2022-05-24,Technology,CUST-0109,244.69
2022-07-05,Furniture,CUST-0223,269.45
2023-05-07,Technology,CUST-0230,240.4
2023-09-26,Furniture,CUST-0029,131.3
2022-12-05,Office Supplies,CUST-0365,437.43
2022-08-05,Office Supplies,CUST-0292,134.79
2023-02-19,Office Supplies,CUST-0364,555.15
2023-03-27,Furniture,CUST-0242,111.82
2022-12-27,Technology,CUST-0387,192.63
2022-07-09,Office Supplies,CUST-0369,209.03
2022-02-27,Furniture,CUST-0160,95.66
2022-05-29,Furniture,CUST-0213,282.71
2022-08-21,Furniture,CUST-0143,208.54
2023-01-08,Office Supplies,CUST-0259,183.3
2022-01-08,Furniture,CUST-0164,392.58
2023-11-29,Furniture,CUST-0028,25.93
2023-07-12,Furniture,CUST-0390,261.57
2022-09-13,Office Supplies,CUST-0409,329.28
2022-01-05,Furniture,CUST-0289,180.2
2022-05-26,Technology,CUST-0177,496.84
2023-11-20,Technology,CUST-0098,112.3
2023-05-26,Furniture,CUST-0496,235.83
2023-10-07,Technology,CUST-0437,133.95
2023-07-19,Technology,CUST-0458,55.24
2022-01-01,Technology,CUST-0205,116.63
2023-03-25,Office Supplies,CUST-0288,199.75
2022-11-02,Technology,CUST-0054,140.99
2023-02-05,Furniture,CUST-0303,503.81
2022-03-16,Furniture,CUST-0422,145.47
2022-11-02,Office Supplies,CUST-0286,93.36
2022-09-06,Office Supplies,CUST-0472,218.58
2023-06-26,Office Supplies,CUST-0051,390.72
2023-02-05,Office Supplies,CUST-0340,317.64
2023-06-30,Office Supplies,CUST-0450,429.21
2022-04-21,Furniture,CUST-0183,49.51
2023-01-09,Office Supplies,CUST-0388,130.49
2022-07-14,Office Supplies,CUST-0160,76.69
2023-09-26,Furniture,CUST-0277,128.59
2023-02-09,Office Supplies,CUST-0133,100.6
2022-12-12,Technology,CUST-0433,684.89
2022-09-06,Office Supplies,CUST-0214,205.51
2022-12-16,Furniture,CUST-0048,183.1
2023-09-17,Office Supplies,CUST-0180,167.68
2023-10-01,Technology,CUST-0014,45.12
2022-12-31,Furniture,CUST-0187,495.28
2022-01-07,Office Supplies,CUST-0407,1156.64
2023-05-21,Office Supplies,CUST-0371,428.41
2023-09-23,Office Supplies,CUST-0202,446.69
2022-05-06,Furniture,CUST-0145,236.63
2022-01-25,Office Supplies,CUST-0067,157.28
2023-04-15,Office Supplies,CUST-0264,760.78
2023-08-18,Office Supplies,CUST-0101,503.51
2022-11-11,Technology,CUST-0229,57.98
2023-03-13,Furniture,CUST-0198,169.72
2023-03-22,Furniture,CUST-0095,13.97
2022-05-17,Furniture,CUST-0243,350.73
2022-04-28,Furniture,CUST-0486,223.35
2023-03-17,Technology,CUST-0203,36.84
2022-11-22,Technology,CUST-0324,296.54
2022-08-13,Technology,CUST-0140,242.99
2022-05-19,Technology,CUST-0333,90.07
2023-11-04,Office Supplies,CUST-0010,696.31
2022-06-17,Technology,CUST-0321,691.69
2022-11-25,Technology,CUST-0459,845.69
2022-04-05,Technology,CUST-0318,120.22
2022-11-30,Technology,CUST-0459,213.72
2022-12-15,Furniture,CUST-0361,176.84
2022-10-18,Furniture,CUST-0005,319.26
2023-08-24,Technology,CUST-0089,59.25
2022-10-22,Technology,CUST-0288,27.63
2022-05-23,Office Supplies,CUST-0145,150.34
2023-05-18,Office Supplies,CUST-0309,238.77
2023-10-08,Office Supplies,CUST-0179,344.77
2023-03-24,Furniture,CUST-0111,314.92
2023-02-24,Technology,CUST-0441,798.32
2023-02-15,Technology,CUST-0254,320.39
2022-04-28,Technology,CUST-0159,89.63
2022-08-04,Office Supplies,CUST-0015,138.76
2023-11-16,Technology,CUST-0095,264.33
2022-10-19,Technology,CUST-0283,76.76
2023-07-04,Furniture,CUST-0023,130.6
2022-10-29,Office Supplies,CUST-0218,229.29
2023-09-15,Technology,CUST-0171,622.62
2022-05-07,Furniture,CUST-0092,306.09
2022-02-20,Technology,CUST-0296,153.2
2023-02-24,Furniture,CUST-0313,135.63
2023-07-21,Furniture,CUST-0399,122.03
2023-03-12,Technology,CUST-0154,180.04
2023-07-29,Office Supplies,CUST-0090,166.46
2023-02-22,Technology,CUST-0128,313.95
2022-06-28,Furniture,CUST-0025,191.71
2022-03-04,Furniture,CUST-0154,161.17
2023-12-02,Furniture,CUST-0327,72.89
2022-05-21,Office Supplies,CUST-0435,232.28
2022-10-12,Office Supplies,CUST-0477,178.46
2023-02-28,Office Supplies,CUST-0257,163.04
2022-04-23,Office Supplies,CUST-0166,535.19
2023-10-06,Furniture,CUST-0413,217.49
2022-06-11,Office Supplies,CUST-0087,172.84
2022-06-27,Technology,CUST-0008,333.93
2022-02-23,Office Supplies,CUST-0229,71.12
2023-09-01,Office Supplies,CUST-0264,165.03
2022-04-30,Technology,CUST-0400,147.37
2022-06-14,Furniture,CUST-0398,306.67
2023-11-04,Furniture,CUST-0147,155.78
2023-07-02,Office Supplies,CUST-0082,62.73
2023-04-16,Furniture,CUST-0020,98.32
2022-09-13,Office Supplies,CUST-0226,148.37
2022-12-30,Furniture,CUST-0202,282.47
2022-02-28,Technology,CUST-0128,190.2
2023-06-05,Office Supplies,CUST-0237,55.77
2022-07-20,Furniture,CUST-0235,77.9
2023-09-02,Furniture,CUST-0075,167.49
2022-05-08,Furniture,CUST-0356,103.89
2023-01-13,Technology,CUST-0117,199.48
2022-01-27,Technology,CUST-0134,89.86
2023-03-31,Office Supplies,CUST-0401,361.42
2023-04-21,Technology,CUST-0046,150.79
2022-01-29,Office Supplies,CUST-0296,232.36
2023-11-07,Technology,CUST-0295,296.06
2023-10-26,Technology,CUST-0069,221.31
2023-07-02,Office Supplies,CUST-0467,123.42
2022-12-31,Furniture,CUST-0201,219.5
2023-05-16,Office Supplies,CUST-0296,194.63
2022-02-11,Office Supplies,CUST-0291,618.88
2022-08-17,Furniture,CUST-0435,312.62
2022-02-13,Technology,CUST-0305,42.04
2022-11-26,Office Supplies,CUST-0497,228.81
2023-10-23,Technology,CUST-0485,56.26
2023-12-11,Technology,CUST-0466,191.16
2022-02-16,Furniture,CUST-0016,355.48
2023-09-21,Technology,CUST-0371,221.46
2023-05-13,Office Supplies,CUST-0477,430.86
2023-02-06,Office Supplies,CUST-0103,187.8
2022-06-08,Office Supplies,CUST-0108,78.07
2022-12-30,Office Supplies,CUST-0376,470.48
2022-12-15,Office Supplies,CUST-0397,366.8
2023-03-26,Furniture,CUST-0170,247.13
2022-09-08,Technology,CUST-0141,316.63
2022-01-29,Technology,CUST-0477,174.53
2023-11-28,Office Supplies,CUST-0236,36.22
2023-11-20,Furniture,CUST-0142,32.54
2022-11-20,Technology,CUST-0293,194.67
2022-12-10,Furniture,CUST-0187,238.52
2022-03-02,Furniture,CUST-0380,394.53
2022-01-11,Technology,CUST-0226,168.65
2023-07-18,Furniture,CUST-0072,226.91
2023-05-08,Furniture,CUST-0107,286.4
2022-08-06,Furniture,CUST-0259,281.73
2023-12-28,Technology,CUST-0099,289.51
2023-07-27,Furniture,CUST-0419,350.38
2022-06-09,Office Supplies,CUST-0269,410.38
2022-03-30,Office Supplies,CUST-0398,180.09
2023-09-27,Furniture,CUST-0137,429.99
2022-11-28,Furniture,CUST-0463,320.35
2022-05-04,Office Supplies,CUST-0328,701.02
2022-06-25,Office Supplies,CUST-0454,376.1
2022-02-09,Office Supplies,CUST-0347,205.61
2022-10-16,Technology,CUST-0147,146.93
2023-11-12,Office Supplies,CUST-0045,297.23
2022-06-19,Furniture,CUST-0155,115.34
2022-01-31,Technology,CUST-0394,284.07
2023-03-13,Technology,CUST-0415,98.85
2023-06-09,Office Supplies,CUST-0113,365.53
2022-12-26,Furniture,CUST-0188,145.34
2022-08-21,Technology,CUST-0319,113.08
2022-12-01,Technology,CUST-0477,125.69
2022-11-20,Office Supplies,CUST-0017,286.27
2023-02-05,Office Supplies,CUST-0193,122.2
2023-01-16,Office Supplies,CUST-0029,666.09
2023-10-08,Office Supplies,CUST-0416,336.21
2023-03-06,Office Supplies,CUST-0004,418.32
2023-02-01,Technology,CUST-0271,318.25
2022-05-10,Technology,CUST-0084,395.26
2023-06-23,Technology,CUST-0382,167.48
2022-03-25,Office Supplies,CUST-0441,69.74
2023-05-22,Office Supplies,CUST-0380,384.35
2023-06-08,Office Supplies,CUST-0492,365.03
2023-08-07,Furniture,CUST-0473,257.93
2023-11-17,Office Supplies,CUST-0199,279.43
2023-11-24,Technology,CUST-0378,462.66
2022-07-25,Office Supplies,CUST-0382,286.2
2023-06-05,Furniture,CUST-0444,220.51
2022-12-10,Office Supplies,CUST-0064,111.96
2022-03-13,Office Supplies,CUST-0478,137.79
2023-06-28,Office Supplies,CUST-0217,84.49
2022-02-15,Furniture,CUST-0080,192.7
2022-04-02,Technology,CUST-0202,209.84
2023-08-12,Furniture,CUST-0406,101.82
2022-06-15,Office Supplies,CUST-0174,378.9
2023-03-04,Furniture,CUST-0459,298.39
2023-09-27,Furniture,CUST-0262,526.83
2023-12-17,Technology,CUST-0178,541.09
2022-03-25,Office Supplies,CUST-0251,739.43
2023-01-25,Technology,CUST-0410,169.86
2022-05-07,Office Supplies,CUST-0362,591.28
2023-06-08,Furniture,CUST-0301,136.83
2022-05-27,Technology,CUST-0356,302.18
2022-10-15,Office Supplies,CUST-0082,263.95
2023-12-24,Furniture,CUST-0352,133.32
2022-02-04,Furniture,CUST-0438,1164.22
2022-12-19,Technology,CUST-0305,268.44
2023-02-08,Office Supplies,CUST-0220,317.95
2023-06-16,Office Supplies,CUST-0050,236.83
2022-04-27,Office Supplies,CUST-0228,410.02
2023-02-22,Technology,CUST-0295,319.03
2022-09-25,Office Supplies,CUST-0018,41.7
2023-06-04,Office Supplies,CUST-0478,126.29
2023-01-10,Office Supplies,CUST-0422,112.95
2022-11-14,Furniture,CUST-0381,344.95
2022-05-10,Furniture,CUST-0145,59.01
2023-11-07,Technology,CUST-0303,439.12
2022-01-10,Furniture,CUST-0270,121.67
2022-12-27,Office Supplies,CUST-0276,24.4
2023-05-28,Furniture,CUST-0374,362.02
2023-05-12,Technology,CUST-0312,455.46
2023-12-20,Office Supplies,CUST-0251,153.51
2023-05-26,Furniture,CUST-0282,126.21
2022-04-29,Furniture,CUST-0485,171.99
2022-07-25,Office Supplies,CUST-0276,277.82
2022-08-04,Office Supplies,CUST-0126,222.37
2022-08-11,Furniture,CUST-0427,278.62
2023-03-04,Office Supplies,CUST-0151,87.0
2022-12-07,Furniture,CUST-0264,317.33
2022-12-24,Technology,CUST-0086,352.47
2023-03-03,Office Supplies,CUST-0114,64.36
2023-06-22,Technology,CUST-0232,143.96
2022-01-01,Furniture,CUST-0464,246.42
2022-10-31,Office Supplies,CUST-0090,82.49
2023-07-29,Technology,CUST-0169,139.29
2023-08-08,Furniture,CUST-0159,300.8
2023-05-09,Technology,CUST-0019,260.29
2023-08-17,Technology,CUST-0279,473.73
2023-03-31,Furniture,CUST-0143,162.18
2023-12-12,Office Supplies,CUST-0403,82.37
2023-05-12,Office Supplies,CUST-0102,17.51
2023-09-14,Office Supplies,CUST-0450,111.75
2023-03-30,Technology,CUST-0221,68.99
2022-10-20,Furniture,CUST-0228,44.12
2022-12-09,Technology,CUST-0498,229.1
2023-09-11,Furniture,CUST-0303,635.46
2023-02-03,Furniture,CUST-0203,64.48
2022-11-30,Office Supplies,CUST-0496,134.23
2023-05-09,Office Supplies,CUST-0239,872.67
2023-11-01,Technology,CUST-0433,393.21
2022-03-31,Furniture,CUST-0459,127.43
2022-08-29,Office Supplies,CUST-0298,290.57
2022-03-25,Office Supplies,CUST-0263,136.67
2023-07-13,Technology,CUST-0375,436.9
2022-10-04,Technology,CUST-0393,303.84
2023-09-25,Technology,CUST-0072,439.08
2022-02-18,Furniture,CUST-0293,415.74
2022-06-16,Office Supplies,CUST-0146,89.29
2023-03-15,Office Supplies,CUST-0175,288.44
2023-10-23,Furniture,CUST-0432,149.19
2023-02-23,Office Supplies,CUST-0160,56.85
2023-03-17,Office Supplies,CUST-0258,340.74
2022-09-20,Office Supplies,CUST-0323,27.74
2023-04-04,Technology,CUST-0188,23.57
2023-08-03,Technology,CUST-0042,227.36
2022-12-19,Office Supplies,CUST-0073,241.56
2022-03-11,Office Supplies,CUST-0196,459.78
2023-03-04,Furniture,CUST-0149,168.52
2023-12-13,Office Supplies,CUST-0300,67.79
2023-12-28,Office Supplies,CUST-0102,63.31
2022-12-20,Office Supplies,CUST-0116,215.31
2023-04-22,Office Supplies,CUST-0311,111.97
2023-03-22,Office Supplies,CUST-0055,106.32
2023-05-30,Technology,CUST-0237,459.11
2023-09-19,Furniture,CUST-0005,366.24
2022-10-13,Office Supplies,CUST-0454,343.26
2023-04-01,Technology,CUST-0161,225.06
2023-05-24,Furniture,CUST-0481,876.79
2023-08-01,Office Supplies,CUST-0258,213.81
2022-06-29,Furniture,CUST-0154,330.97
2022-11-07,Furniture,CUST-0406,241.51
2023-05-05,Office Supplies,CUST-0049,199.76
2023-08-17,Office Supplies,CUST-0158,301.62
2022-03-14,Office Supplies,CUST-0163,308.01
2022-05-10,Furniture,CUST-0206,207.93
2022-09-10,Technology,CUST-0164,227.59
2022-04-20,Technology,CUST-0238,201.61
2022-01-25,Office Supplies,CUST-0482,57.84
2023-06-21,Furniture,CUST-0173,289.42
2023-10-15,Technology,CUST-0020,208.48
2023-03-23,Office Supplies,CUST-0349,207.7
2022-10-14,Furniture,CUST-0467,166.35
2022-12-11,Furniture,CUST-0267,317.68
2022-03-24,Furniture,CUST-0149,497.39
2022-07-09,Furniture,CUST-0263,145.69
2023-09-07,Furniture,CUST-0101,227.58
2022-08-09,Office Supplies,CUST-0124,282.12
2023-12-04,Office Supplies,CUST-0483,335.77
2022-04-02,Office Supplies,CUST-0455,369.33
2023-01-21,Furniture,CUST-0405,342.84
2023-08-14,Office Supplies,CUST-0471,217.34
2022-08-01,Technology,CUST-0493,71.94
2022-12-04,Furniture,CUST-0160,82.14
2023-12-04,Office Supplies,CUST-0256,195.25
2023-05-25,Furniture,CUST-0052,336.26
2023-03-12,Technology,CUST-0042,62.96
2023-02-01,Furniture,CUST-0192,113.22
2023-07-26,Furniture,CUST-0097,408.23
2022-08-20,Office Supplies,CUST-0203,10.31
2022-03-20,Technology,CUST-0343,185.3
2023-04-12,Furniture,CUST-0428,702.16
2023-05-20,Technology,CUST-0385,221.91
2023-02-12,Furniture,CUST-0017,55.48
2023-02-03,Technology,CUST-0499,84.08
2023-05-06,Office Supplies,CUST-0261,445.66
2023-07-04,Furniture,CUST-0368,333.33
2022-08-11,Technology,CUST-0360,50.7
2023-07-15,Furniture,CUST-0324,534.4
2022-06-18,Technology,CUST-0119,115.95
2023-01-09,Office Supplies,CUST-0160,380.93
2022-10-15,Office Supplies,CUST-0226,148.62
2022-07-02,Furniture,CUST-0488,96.13
2022-05-04,Office Supplies,CUST-0114,167.64
2022-05-02,Technology,CUST-0119,160.11
2022-08-21,Office Supplies,CUST-0149,163.89
2022-12-26,Office Supplies,CUST-0151,566.65
2022-07-22,Office Supplies,CUST-0150,268.53
2023-08-30,Office Supplies,CUST-0407,115.11
2023-04-06,Office Supplies,CUST-0421,239.66
2022-01-19,Furniture,CUST-0030,473.73
2022-12-28,Office Supplies,CUST-0072,323.47
2022-09-18,Technology,CUST-0388,169.33
2023-05-06,Office Supplies,CUST-0405,95.06
2022-08-19,Office Supplies,CUST-0066,448.56
2023-08-21,Technology,CUST-0314,119.63
2022-07-28,Furniture,CUST-0121,181.84
2022-03-11,Technology,CUST-0101,272.29
2023-09-15,Office Supplies,CUST-0020,112.33
2023-04-14,Furniture,CUST-0359,323.16
2022-02-07,Furniture,CUST-0188,126.11
2023-12-29,Furniture,CUST-0186,915.73
2023-06-20,Office Supplies,CUST-0082,156.2
2022-11-15,Furniture,CUST-0406,210.33
2022-03-17,Technology,CUST-0486,298.54
2023-11-16,Furniture,CUST-0183,132.84
2023-04-26,Furniture,CUST-0116,345.27
2022-06-10,Office Supplies,CUST-0260,370.17
2022-02-16,Furniture,CUST-0198,250.85
2023-09-11,Furniture,CUST-0254,53.55
2023-12-11,Office Supplies,CUST-0365,142.79
2022-02-18,Office Supplies,CUST-0192,293.61
2023-08-05,Office Supplies,CUST-0126,195.77
2022-11-09,Furniture,CUST-0297,619.35
2022-12-30,Furniture,CUST-0031,191.79
2023-02-12,Furniture,CUST-0414,354.23
2022-06-12,Furniture,CUST-0270,96.02
2023-09-10,Technology,CUST-0070,88.39
2022-08-16,Furniture,CUST-0084,411.52
2023-11-21,Office Supplies,CUST-0007,709.31
2023-02-03,Furniture,CUST-0248,76.38
2023-03-02,Technology,CUST-0376,222.16
2022-11-09,Office Supplies,CUST-0021,350.01
2022-11-01,Office Supplies,CUST-0345,61.82
2023-03-21,Furniture,CUST-0178,119.89
2023-08-21,Office Supplies,CUST-0081,133.06
2023-02-27,Technology,CUST-0017,52.28
2023-05-09,Office Supplies,CUST-0065,73.78
2022-02-26,Office Supplies,CUST-0098,168.13
2023-03-11,Office Supplies,CUST-0086,384.9
2023-07-25,Office Supplies,CUST-0192,111.1
2023-07-15,Furniture,CUST-0391,220.57
2022-08-02,Furniture,CUST-0232,414.73
2023-12-27,Furniture,CUST-0270,158.11
2022-01-26,Office Supplies,CUST-0066,42.42
2022-09-11,Office Supplies,CUST-0044,173.32
2023-03-12,Office Supplies,CUST-0379,1214.59
2023-12-10,Technology,CUST-0268,29.32
2022-06-13,Furniture,CUST-0072,232.72
2023-07-13,Furniture,CUST-0238,64.35
2022-09-25,Furniture,CUST-0336,218.8
2022-09-16,Technology,CUST-0363,126.72
2023-11-19,Furniture,CUST-0260,130.27
2023-01-01,Furniture,CUST-0032,257.45
2022-05-09,Office Supplies,CUST-0375,127.18
2023-11-01,Office Supplies,CUST-0260,93.98
2022-05-11,Office Supplies,CUST-0281,261.77
2023-10-28,Furniture,CUST-0133,284.7
2023-07-26,Office Supplies,CUST-0395,165.7
2022-12-30,Office Supplies,CUST-0213,337.23
2022-10-04,Furniture,CUST-0218,124.4
2023-11-06,Furniture,CUST-0041,101.47
2022-10-06,Office Supplies,CUST-0150,309.88
2023-09-12,Office Supplies,CUST-0271,133.4
2022-09-05,Furniture,CUST-0423,249.69
2023-10-22,Furniture,CUST-0456,366.82
2022-05-23,Furniture,CUST-0227,146.96
2022-10-29,Technology,CUST-0484,259.39
2022-07-26,Furniture,CUST-0225,285.76
2022-08-07,Office Supplies,CUST-0091,42.55
2023-05-16,Office Supplies,CUST-0035,50.32
2023-05-22,Office Supplies,CUST-0281,143.51
2023-10-24,Technology,CUST-0083,189.74
2023-03-02,Office Supplies,CUST-0284,87.27
2023-05-23,Office Supplies,CUST-0500,419.82
2023-03-13,Office Supplies,CUST-0424,35.31
2022-11-30,Technology,CUST-0196,293.52
2023-05-29,Office Supplies,CUST-0110,299.73
2023-03-08,Furniture,CUST-0035,791.4
2023-05-09,Technology,CUST-0255,63.85
2023-11-15,Furniture,CUST-0201,348.17
2022-11-20,Technology,CUST-0482,230.83
2023-03-07,Furniture,CUST-0438,398.62
2023-07-13,Furniture,CUST-0147,179.45
2023-07-04,Office Supplies,CUST-0157,386.92
2023-03-31,Furniture,CUST-0260,162.82
2022-07-13,Furniture,CUST-0347,806.22
2023-10-27,Furniture,CUST-0061,217.05
2023-12-31,Technology,CUST-0467,167.79
2022-10-18,Office Supplies,CUST-0340,20.25
2023-10-15,Office Supplies,CUST-0049,419.44
2022-11-14,Office Supplies,CUST-0310,123.21
2022-12-10,Furniture,CUST-0041,221.18
2022-07-02,Technology,CUST-0397,485.07
2023-05-09,Technology,CUST-0333,528.23
2022-04-19,Office Supplies,CUST-0240,109.01
2023-08-25,Technology,CUST-0250,326.61
2023-11-01,Furniture,CUST-0215,272.31
2023-10-20,Furniture,CUST-0478,305.61
2023-02-16,Office Supplies,CUST-0113,419.72
2023-01-13,Office Supplies,CUST-0041,227.28
2023-03-26,Technology,CUST-0461,276.57
2022-07-29,Furniture,CUST-0201,386.98
2023-10-29,Technology,CUST-0093,247.86
2022-12-16,Furniture,CUST-0081,253.23
2022-11-07,Office Supplies,CUST-0474,662.68
2023-07-28,Office Supplies,CUST-0223,486.52
2022-10-04,Office Supplies,CUST-0146,178.97
2023-03-05,Furniture,CUST-0437,243.46
2023-03-27,Office Supplies,CUST-0172,411.05
2022-03-04,Furniture,CUST-0075,29.11
2023-09-04,Office Supplies,CUST-0408,441.85
2023-03-16,Furniture,CUST-0007,84.71
2023-03-20,Office Supplies,CUST-0419,140.49
2023-04-24,Technology,CUST-0395,426.03
2023-11-19,Furniture,CUST-0204,66.98
2022-01-31,Office Supplies,CUST-0365,204.36
2023-10-28,Furniture,CUST-0363,272.03
2022-08-22,Office Supplies,CUST-0262,162.53
2023-04-30,Technology,CUST-0037,563.95
2022-02-04,Technology,CUST-0196,202.23
2022-02-28,Technology,CUST-0500,225.19
2022-10-05,Office Supplies,CUST-0165,948.02
2023-01-14,Technology,CUST-0387,30.42
2023-02-20,Technology,CUST-0250,175.07
2022-10-27,Technology,CUST-0324,135.42
2023-08-27,Office Supplies,CUST-0125,724.1
2023-03-11,Technology,CUST-0099,88.7
2022-04-14,Office Supplies,CUST-0152,63.59
2022-10-11,Technology,CUST-0101,287.24
2023-10-21,Furniture,CUST-0091,241.94
2022-05-20,Furniture,CUST-0246,281.56
2023-04-21,Furniture,CUST-0184,312.57
2023-06-13,Technology,CUST-0154,148.03
2023-08-05,Office Supplies,CUST-0250,1246.6
2023-02-11,Office Supplies,CUST-0203,62.52
2023-05-14,Office Supplies,CUST-0179,183.94
2023-11-18,Technology,CUST-0260,387.46
2022-06-12,Furniture,CUST-0329,53.04
2023-07-29,Technology,CUST-0443,389.38
2023-05-09,Furniture,CUST-0208,786.32
2022-07-23,Technology,CUST-0152,280.08
2022-10-13,Technology,CUST-0303,451.92
2022-05-21,Technology,CUST-0389,49.61
2022-07-20,Technology,CUST-0164,118.59
2023-01-19,Office Supplies,CUST-0479,252.54
2022-12-21,Office Supplies,CUST-0398,26.7
2023-01-10,Technology,CUST-0380,234.9
2022-07-07,Furniture,CUST-0474,40.03
2022-10-22,Office Supplies,CUST-0215,103.58
2023-07-21,Technology,CUST-0221,436.37
2023-11-01,Technology,CUST-0021,246.56
2022-11-09,Technology,CUST-0031,201.24
2022-01-10,Technology,CUST-0054,399.27
2022-06-09,Office Supplies,CUST-0178,361.17
2022-01-22,Office Supplies,CUST-0260,299.79
2023-04-16,Technology,CUST-0012,29.21
2022-12-20,Technology,CUST-0361,195.68
2023-08-14,Furniture,CUST-0241,117.83
2022-10-21,Technology,CUST-0088,202.39
2023-01-25,Furniture,CUST-0377,174.88
2023-11-05,Office Supplies,CUST-0100,224.08
2022-05-21,Office Supplies,CUST-0198,266.79
2023-11-29,Furniture,CUST-0413,184.43
2023-12-30,Technology,CUST-0394,142.42
2022-04-11,Technology,CUST-0364,119.76
2023-03-28,Technology,CUST-0094,172.64
2022-10-20,Furniture,CUST-0101,33.36
2023-06-24,Technology,CUST-0355,49.49
2022-08-24,Furniture,CUST-0455,169.27
2022-07-29,Office Supplies,CUST-0100,144.63
2023-04-04,Technology,CUST-0470,284.45
2023-09-13,Technology,CUST-0237,105.67
2022-10-01,Technology,CUST-0326,141.99
2022-05-29,Office Supplies,CUST-0310,231.29
2022-08-15,Office Supplies,CUST-0049,177.91
2023-10-12,Office Supplies,CUST-0303,44.55
2023-02-02,Office Supplies,CUST-0409,70.75
2023-09-06,Office Supplies,CUST-0182,377.65
2023-01-13,Office Supplies,CUST-0230,86.11
2022-04-29,Technology,CUST-0175,139.05
2023-05-17,Furniture,CUST-0187,152.32
2023-11-05,Furniture,CUST-0391,216.2
2023-09-30,Office Supplies,CUST-0208,548.75
2023-04-29,Office Supplies,CUST-0228,228.07
2023-04-01,Furniture,CUST-0059,240.22
2022-07-14,Technology,CUST-0157,184.43
2023-04-16,Office Supplies,CUST-0004,203.25
2023-06-24,Technology,CUST-0017,237.91
2023-05-07,Office Supplies,CUST-0441,471.5
2022-09-24,Technology,CUST-0456,299.44
2023-02-16,Office Supplies,CUST-0321,316.12
2023-12-01,Office Supplies,CUST-0159,165.52
2022-08-30,Office Supplies,CUST-0370,74.28
2022-01-15,Office Supplies,CUST-0122,176.82
2023-03-29,Office Supplies,CUST-0062,173.34
2022-08-11,Furniture,CUST-0478,496.98
2023-06-04,Furniture,CUST-0235,96.18
2022-02-19,Technology,CUST-0156,269.12
2023-11-12,Furniture,CUST-0355,192.51
2022-11-28,Furniture,CUST-0089,97.73
2022-09-02,Technology,CUST-0418,481.26
2022-05-21,Technology,CUST-0478,84.97
2022-02-08,Technology,CUST-0084,358.3
2022-04-03,Office Supplies,CUST-0137,280.73
2022-06-05,Furniture,CUST-0171,297.18
2022-06-19,Office Supplies,CUST-0322,501.19
2022-06-04,Furniture,CUST-0451,210.42
2022-06-22,Furniture,CUST-0265,198.89
2022-11-23,Office Supplies,CUST-0468,311.21
2023-08-29,Technology,CUST-0113,35.09
2023-11-16,Furniture,CUST-0468,141.42
2022-03-23,Office Supplies,CUST-0114,285.36
2022-07-12,Furniture,CUST-0354,320.14
2023-08-03,Office Supplies,CUST-0139,25.12
2023-02-07,Furniture,CUST-0199,592.29
2022-11-23,Technology,CUST-0133,507.91
2023-02-03,Office Supplies,CUST-0109,143.54
2023-07-07,Furniture,CUST-0112,148.46
2022-09-28,Technology,CUST-0385,276.95
2022-10-07,Technology,CUST-0447,459.03
2022-01-04,Furniture,CUST-0441,75.73
2022-06-30,Furniture,CUST-0279,175.2
2023-11-12,Furniture,CUST-0249,321.97
2022-11-22,Furniture,CUST-0138,122.69
2022-07-31,Furniture,CUST-0179,122.03
2022-02-07,Technology,CUST-0420,322.0
2022-11-02,Technology,CUST-0357,280.56
2023-02-15,Furniture,CUST-0185,347.57
2023-07-05,Furniture,CUST-0022,163.51
2023-10-23,Furniture,CUST-0272,213.51
2023-03-19,Furniture,CUST-0254,99.1
2023-10-13,Office Supplies,CUST-0214,318.64
2022-06-02,Furniture,CUST-0357,45.82
2022-07-10,Office Supplies,CUST-0292,192.56
2022-04-06,Furniture,CUST-0198,277.86
2023-02-11,Furniture,CUST-0126,169.9
2022-03-14,Office Supplies,CUST-0262,189.67
2022-09-02,Technology,CUST-0063,337.36
2022-07-11,Office Supplies,CUST-0451,433.99
2022-04-10,Technology,CUST-0128,144.32
2022-09-27,Technology,CUST-0247,250.14
2022-11-11,Office Supplies,CUST-0390,288.02
2022-07-12,Office Supplies,CUST-0336,207.81
2023-06-09,Technology,CUST-0446,17.51
2023-04-03,Technology,CUST-0095,422.67
2022-05-31,Office Supplies,CUST-0022,413.24
2023-01-10,Office Supplies,CUST-0272,311.62
2022-06-28,Furniture,CUST-0464,145.17
2023-07-19,Office Supplies,CUST-0283,141.43
2022-04-07,Office Supplies,CUST-0412,111.52
2022-11-14,Furniture,CUST-0489,177.43
2022-07-16,Furniture,CUST-0478,296.08
2023-11-25,Technology,CUST-0215,177.15
2023-02-07,Technology,CUST-0477,157.79
2023-12-15,Technology,CUST-0392,128.84
2023-10-31,Technology,CUST-0322,538.06
2023-03-01,Furniture,CUST-0177,119.23
2023-01-22,Furniture,CUST-0345,338.54
2022-06-15,Technology,CUST-0427,494.69
2022-08-07,Furniture,CUST-0230,182.47
2023-02-07,Office Supplies,CUST-0367,107.59
2022-11-05,Furniture,CUST-0323,400.24
2022-12-18,Office Supplies,CUST-0233,22.4
2022-02-28,Office Supplies,CUST-0413,754.19
2023-07-14,Furniture,CUST-0248,83.57
2023-09-02,Office Supplies,CUST-0493,166.53
2022-05-17,Office Supplies,CUST-0385,193.34
2022-03-14,Technology,CUST-0106,96.87
2023-01-05,Technology,CUST-0178,328.7
2023-05-22,Furniture,CUST-0409,40.14
2022-03-14,Office Supplies,CUST-0403,139.41
2022-02-12,Office Supplies,CUST-0170,85.3
2022-05-31,Furniture,CUST-0436,318.53
2023-07-29,Office Supplies,CUST-0366,88.99
2022-03-02,Office Supplies,CUST-0318,96.83
2022-11-27,Office Supplies,CUST-0094,287.83
2023-08-12,Technology,CUST-0387,282.4
2023-08-26,Office Supplies,CUST-0179,145.01
2023-09-11,Office Supplies,CUST-0369,525.04
2023-11-25,Technology,CUST-0338,166.32
2022-12-29,Office Supplies,CUST-0230,520.18
2023-02-24,Office Supplies,CUST-0107,126.37
2022-07-04,Furniture,CUST-0214,364.91
2023-07-27,Office Supplies,CUST-0088,132.92
2023-01-20,Technology,CUST-0341,517.37
2023-10-07,Technology,CUST-0348,349.13
2023-08-19,Office Supplies,CUST-0452,257.44
2022-07-15,Technology,CUST-0283,1093.06
2022-11-15,Furniture,CUST-0344,461.43
2022-11-07,Furniture,CUST-0055,181.19
2022-12-28,Furniture,CUST-0336,255.22
2022-08-01,Technology,CUST-0006,228.39
2023-09-22,Technology,CUST-0087,272.4
2023-12-27,Furniture,CUST-0239,309.51
2023-10-15,Technology,CUST-0372,142.06
2023-09-08,Technology,CUST-0485,157.68
2022-01-18,Furniture,CUST-0246,108.98
2023-11-05,Office Supplies,CUST-0028,61.52
2023-11-10,Furniture,CUST-0246,93.53
2023-10-26,Office Supplies,CUST-0137,63.86
2023-04-26,Office Supplies,CUST-0330,530.95
2022-12-20,Office Supplies,CUST-0246,130.03
2022-04-03,Office Supplies,CUST-0205,193.53
2022-10-22,Furniture,CUST-0282,673.24
2022-09-26,Office Supplies,CUST-0305,421.48
2022-07-12,Furniture,CUST-0017,332.68
2022-09-08,Office Supplies,CUST-0207,162.02
2022-05-24,Furniture,CUST-0156,261.87
2022-04-03,Technology,CUST-0336,151.12
2022-07-18,Office Supplies,CUST-0339,160.36
2023-03-05,Office Supplies,CUST-0139,172.75
2023-03-11,Furniture,CUST-0194,110.16
2023-06-18,Office Supplies,CUST-0239,287.13
2022-02-18,Furniture,CUST-0322,206.94
2022-12-01,Furniture,CUST-0221,27.39
2023-11-25,Technology,CUST-0040,312.19
2023-07-28,Office Supplies,CUST-0060,373.65
2023-02-18,Furniture,CUST-0062,469.65
2022-12-14,Office Supplies,CUST-0482,244.55
2022-05-16,Office Supplies,CUST-0314,537.89
2023-03-05,Office Supplies,CUST-0480,69.95
2023-12-05,Technology,CUST-0059,209.01
2022-09-22,Office Supplies,CUST-0390,260.38
2023-07-30,Technology,CUST-0490,235.71
2023-04-15,Technology,CUST-0332,631.63
2023-06-04,Office Supplies,CUST-0313,168.09
2023-01-21,Office Supplies,CUST-0204,384.44
2023-12-31,Office Supplies,CUST-0396,365.11
2023-10-20,Technology,CUST-0369,380.63
2023-11-09,Technology,CUST-0061,73.52
2023-11-16,Technology,CUST-0405,80.51
2023-08-09,Office Supplies,CUST-0463,329.48
2023-04-25,Technology,CUST-0326,321.85
2022-06-10,Office Supplies,CUST-0257,328.64
2023-06-18,Furniture,CUST-0405,393.5
2022-08-05,Technology,CUST-0187,260.36
2023-03-31,Technology,CUST-0230,238.48
2023-07-04,Furniture,CUST-0276,146.38
2022-04-01,Technology,CUST-0458,197.97
2023-02-04,Office Supplies,CUST-0369,171.91
2023-04-04,Office Supplies,CUST-0499,171.87
2023-05-16,Furniture,CUST-0166,194.34
2022-04-24,Technology,CUST-0356,416.13
2022-05-05,Office Supplies,CUST-0025,704.55
2023-06-25,Technology,CUST-0171,96.15
2022-02-17,Office Supplies,CUST-0408,270.23
2023-11-26,Office Supplies,CUST-0191,313.4
2023-12-16,Technology,CUST-0189,370.87
2023-07-21,Technology,CUST-0376,684.14
2022-07-01,Furniture,CUST-0339,200.57
2022-09-17,Office Supplies,CUST-0104,144.5
2022-04-03,Technology,CUST-0434,635.19
2022-04-22,Furniture,CUST-0059,361.89
2022-08-10,Technology,CUST-0156,287.84
2022-04-04,Technology,CUST-0322,37.58
2023-06-22,Technology,CUST-0364,295.62
2022-05-30,Technology,CUST-0029,99.18
2023-09-20,Furniture,CUST-0430,177.79
2023-06-03,Office Supplies,CUST-0443,175.3
2022-03-29,Technology,CUST-0073,234.65
2022-07-31,Furniture,CUST-0465,248.13
2023-08-30,Technology,CUST-0366,211.81
2022-11-05,Technology,CUST-0433,335.73
2023-05-09,Office Supplies,CUST-0434,252.94
2023-07-24,Furniture,CUST-0276,183.2
2023-09-30,Furniture,CUST-0072,102.76
2022-02-25,Furniture,CUST-0395,65.51
2022-03-01,Technology,CUST-0028,78.11
2023-09-29,Office Supplies,CUST-0036,307.07
2022-06-15,Technology,CUST-0383,125.48
2023-10-04,Technology,CUST-0011,491.08
2023-05-01,Technology,CUST-0128,246.98
2022-12-21,Furniture,CUST-0316,95.42
2023-05-05,Technology,CUST-0106,196.2
2022-08-14,Office Supplies,CUST-0397,314.32
2023-02-03,Furniture,CUST-0463,21.22
2023-11-10,Office Supplies,CUST-0032,159.83
2022-03-23,Office Supplies,CUST-0201,361.58
2023-03-04,Office Supplies,CUST-0444,386.57
2023-03-15,Office Supplies,CUST-0187,148.42
2023-05-03,Furniture,CUST-0337,206.73
2022-07-07,Office Supplies,CUST-0095,489.01
2023-07-05,Technology,CUST-0333,91.17
2022-08-08,Furniture,CUST-0451,268.98
2022-08-25,Office Supplies,CUST-0208,264.91
2022-03-13,Office Supplies,CUST-0006,171.87
2023-09-03,Technology,CUST-0256,218.54
2022-09-12,Office Supplies,CUST-0308,95.59
2022-10-14,Furniture,CUST-0250,903.55
2023-07-11,Technology,CUST-0114,313.17
2023-05-15,Technology,CUST-0438,265.89
2022-02-27,Furniture,CUST-0219,37.04
2023-11-17,Office Supplies,CUST-0315,248.77
2023-05-12,Technology,CUST-0189,172.36
2022-01-02,Technology,CUST-0401,261.07
2022-08-26,Technology,CUST-0269,227.29
2023-08-29,Furniture,CUST-0055,64.42
2022-06-29,Office Supplies,CUST-0479,319.28
2023-01-19,Furniture,CUST-0417,102.12
2022-05-20,Technology,CUST-0462,327.78
2022-03-13,Technology,CUST-0268,455.12
2022-05-19,Office Supplies,CUST-0351,133.62
2023-02-20,Office Supplies,CUST-0213,338.57
2023-09-06,Furniture,CUST-0192,218.16
2023-12-13,Technology,CUST-0227,36.63
2023-03-26,Office Supplies,CUST-0339,114.54
2022-09-30,Office Supplies,CUST-0184,367.13
2023-01-06,Office Supplies,CUST-0214,137.4
2022-10-26,Office Supplies,CUST-0269,368.73
2022-07-05,Furniture,CUST-0238,525.89
2022-07-29,Technology,CUST-0097,316.54
2022-05-17,Furniture,CUST-0184,171.92
2023-04-17,Office Supplies,CUST-0237,213.49
2023-05-25,Furniture,CUST-0073,281.36
2022-01-05,Furniture,CUST-0283,540.29
2022-09-28,Office Supplies,CUST-0105,86.07
2022-12-17,Office Supplies,CUST-0140,611.2
2022-03-28,Furniture,CUST-0368,97.53
2023-01-13,Office Supplies,CUST-0340,119.76
2023-12-27,Furniture,CUST-0481,258.95
2022-10-29,Office Supplies,CUST-0472,106.63
2022-03-11,Technology,CUST-0112,89.34
2023-10-25,Office Supplies,CUST-0040,230.64
2022-12-11,Technology,CUST-0200,281.37
2022-08-25,Furniture,CUST-0037,289.15
2022-08-25,Office Supplies,CUST-0197,223.97
2023-12-01,Office Supplies,CUST-0267,112.13
2023-08-25,Technology,CUST-0456,256.37
2023-08-29,Furniture,CUST-0223,176.9
2023-11-27,Office Supplies,CUST-0247,220.16
2022-07-10,Office Supplies,CUST-0426,274.2
2022-07-27,Office Supplies,CUST-0175,274.93
2023-08-25,Furniture,CUST-0166,44.89
2023-01-01,Furniture,CUST-0072,142.79
2022-09-02,Furniture,CUST-0060,437.31
2023-07-24,Office Supplies,CUST-0217,316.52
2023-01-25,Furniture,CUST-0448,223.98
2023-01-23,Office Supplies,CUST-0014,139.29
2023-02-03,Office Supplies,CUST-0491,297.82
2023-02-23,Furniture,CUST-0403,337.34
2022-02-13,Technology,CUST-0317,74.07
2022-11-23,Furniture,CUST-0065,563.15
2022-05-08,Office Supplies,CUST-0368,149.67
2022-07-06,Furniture,CUST-0400,185.88
2022-08-25,Technology,CUST-0259,128.69
2022-06-20,Furniture,CUST-0487,259.92
2023-01-06,Office Supplies,CUST-0125,162.91
2023-04-03,Office Supplies,CUST-0370,106.58
2022-06-20,Technology,CUST-0151,634.55
2023-09-26,Furniture,CUST-0108,336.24
2022-05-26,Furniture,CUST-0378,168.73
2022-07-21,Office Supplies,CUST-0112,224.67
2023-02-05,Office Supplies,CUST-0447,396.09
2023-02-20,Office Supplies,CUST-0454,75.66
2023-05-30,Technology,CUST-0076,174.34
2022-08-13,Office Supplies,CUST-0251,59.11
2022-09-13,Technology,CUST-0281,302.43
2022-08-25,Office Supplies,CUST-0495,266.52
2022-11-10,Office Supplies,CUST-0127,241.54
2022-11-30,Furniture,CUST-0048,134.05
2023-02-09,Technology,CUST-0391,119.36
2023-03-24,Furniture,CUST-0258,179.17
2022-11-27,Office Supplies,CUST-0243,337.86
2022-07-06,Office Supplies,CUST-0262,110.87
2022-10-25,Office Supplies,CUST-0333,409.53
2023-10-04,Furniture,CUST-0411,79.99
2023-07-29,Furniture,CUST-0012,382.5
2023-07-09,Technology,CUST-0253,70.91
2022-03-31,Furniture,CUST-0284,94.34
2022-06-24,Technology,CUST-0414,87.56
2022-06-29,Office Supplies,CUST-0293,64.14
2022-08-16,Office Supplies,CUST-0436,241.66
2022-01-27,Technology,CUST-0285,66.78
2022-06-13,Office Supplies,CUST-0224,145.47
2022-02-14,Office Supplies,CUST-0034,225.5
2022-08-09,Office Supplies,CUST-0180,155.39
2023-07-04,Furniture,CUST-0239,310.17
2022-05-28,Office Supplies,CUST-0388,281.58
2022-10-27,Furniture,CUST-0298,726.73
2023-08-30,Technology,CUST-0147,136.47
2022-07-08,Office Supplies,CUST-0095,78.72
2022-07-06,Office Supplies,CUST-0130,545.93
2022-01-16,Furniture,CUST-0245,424.9
2022-03-29,Technology,CUST-0375,235.62
2023-08-30,Office Supplies,CUST-0459,95.68
2022-11-17,Office Supplies,CUST-0181,102.59
2022-04-18,Furniture,CUST-0459,358.15
2022-06-20,Technology,CUST-0195,445.08
2023-10-18,Furniture,CUST-0182,67.38
2023-11-09,Furniture,CUST-0096,335.51
2022-12-27,Office Supplies,CUST-0303,78.5
2023-12-21,Furniture,CUST-0185,95.4
2022-11-18,Office Supplies,CUST-0073,462.77
2022-07-20,Office Supplies,CUST-0226,190.53
2023-03-11,Office Supplies,CUST-0408,457.16
2023-01-21,Office Supplies,CUST-0078,464.49
2022-12-06,Office Supplies,CUST-0280,141.84
2023-09-14,Furniture,CUST-0146,243.67
2022-05-30,Furniture,CUST-0036,153.49
2022-01-22,Office Supplies,CUST-0336,368.17
2022-10-21,Furniture,CUST-0480,132.43
2023-02-04,Furniture,CUST-0452,99.69
2023-12-19,Technology,CUST-0400,147.3
2023-08-22,Office Supplies,CUST-0199,233.0
2022-11-06,Technology,CUST-0098,164.91
2023-01-07,Office Supplies,CUST-0256,147.03
2022-10-14,Office Supplies,CUST-0476,246.01
2022-07-09,Office Supplies,CUST-0424,219.68
2023-08-30,Office Supplies,CUST-0429,380.09
2023-08-24,Office Supplies,CUST-0129,117.66
2023-07-20,Office Supplies,CUST-0413,158.61
2023-06-12,Technology,CUST-0046,24.0
2022-05-09,Office Supplies,CUST-0413,144.88
2022-01-08,Office Supplies,CUST-0435,489.99
2022-12-30,Office Supplies,CUST-0109,103.36
2023-11-10,Technology,CUST-0275,339.05
2022-07-07,Technology,CUST-0476,516.15
2022-02-12,Furniture,CUST-0500,459.9
2022-10-26,Furniture,CUST-0137,970.68
2022-07-30,Technology,CUST-0435,444.29
2023-10-28,Furniture,CUST-0011,801.33
2023-03-03,Furniture,CUST-0390,96.27
2023-07-31,Technology,CUST-0328,75.06
2023-01-11,Furniture,CUST-0359,54.25
2023-10-14,Office Supplies,CUST-0117,177.8
2023-08-23,Technology,CUST-0269,343.73
2023-09-22,Office Supplies,CUST-0480,400.92
2023-01-01,Office Supplies,CUST-0348,235.71
2023-06-22,Technology,CUST-0029,83.46
2022-06-13,Furniture,CUST-0035,20.35
2022-03-20,Office Supplies,CUST-0217,111.44
2023-09-10,Office Supplies,CUST-0181,694.83
2022-03-28,Office Supplies,CUST-0007,101.93
2023-12-23,Furniture,CUST-0330,868.05
2023-11-04,Furniture,CUST-0437,127.2
2023-05-31,Technology,CUST-0427,82.35
2022-06-27,Technology,CUST-0291,326.95
2022-10-19,Office Supplies,CUST-0123,369.82
2022-06-05,Furniture,CUST-0016,593.81
2022-07-06,Office Supplies,CUST-0421,289.0
2023-11-01,Office Supplies,CUST-0066,530.76
2022-08-10,Office Supplies,CUST-0090,231.84
2023-03-18,Technology,CUST-0090,185.07
2023-08-05,Office Supplies,CUST-0152,275.43
2022-12-23,Furniture,CUST-0426,8.3
2022-08-17,Technology,CUST-0350,112.6
2023-11-23,Furniture,CUST-0172,143.83
2022-09-16,Furniture,CUST-0210,59.15
2023-08-30,Technology,CUST-0068,128.37
2022-07-15,Office Supplies,CUST-0093,191.28
2022-03-26,Office Supplies,CUST-0144,336.54
2023-11-10,Office Supplies,CUST-0220,197.69
2023-10-24,Furniture,CUST-0215,152.48
2022-02-22,Office Supplies,CUST-0330,16.81
2022-05-03,Furniture,CUST-0339,338.3
2022-01-29,Office Supplies,CUST-0006,405.82
2022-03-08,Office Supplies,CUST-0122,152.64
2023-11-22,Furniture,CUST-0045,1000.45
2022-11-30,Technology,CUST-0327,228.4
2022-01-01,Office Supplies,CUST-0208,56.17
2023-01-04,Furniture,CUST-0012,347.92
2022-06-20,Office Supplies,CUST-0453,427.56
2023-06-14,Technology,CUST-0043,100.94
2023-03-17,Furniture,CUST-0056,216.23
2022-04-21,Office Supplies,CUST-0480,217.59
2023-03-08,Furniture,CUST-0429,289.36
2023-06-21,Furniture,CUST-0338,312.4
2023-01-05,Office Supplies,CUST-0076,408.3
2022-04-24,Office Supplies,CUST-0439,288.43
2023-03-04,Office Supplies,CUST-0193,150.75
2023-12-27,Furniture,CUST-0275,455.01
2023-11-30,Office Supplies,CUST-0028,92.6
2022-09-10,Furniture,CUST-0037,100.34
2023-08-15,Office Supplies,CUST-0126,273.21
2022-11-06,Furniture,CUST-0028,84.6
2022-08-24,Technology,CUST-0214,573.44
2022-03-26,Technology,CUST-0065,54.74
2022-12-18,Office Supplies,CUST-0491,81.36
2023-04-08,Furniture,CUST-0313,118.89
2022-03-29,Technology,CUST-0168,81.33
2022-05-15,Technology,CUST-0340,78.07
2023-06-17,Technology,CUST-0112,456.51
2022-06-26,Furniture,CUST-0101,87.9
2022-10-24,Office Supplies,CUST-0249,301.48
2022-03-16,Office Supplies,CUST-0168,233.58
2023-06-15,Office Supplies,CUST-0241,78.76
2022-12-10,Office Supplies,CUST-0190,55.69
2022-05-06,Office Supplies,CUST-0345,362.85
2022-08-09,Technology,CUST-0211,44.03
2022-02-11,Furniture,CUST-0418,360.11
2023-03-15,Office Supplies,CUST-0345,742.78
2022-02-17,Furniture,CUST-0287,485.27
2023-06-26,Technology,CUST-0274,108.01
2022-01-15,Office Supplies,CUST-0168,42.43
2022-05-17,Furniture,CUST-0209,183.83
2023-10-20,Technology,CUST-0093,398.22
2023-09-13,Technology,CUST-0095,258.84
2023-06-05,Furniture,CUST-0267,88.51
2023-05-24,Furniture,CUST-0164,715.28
2022-03-14,Technology,CUST-0130,200.11
2023-07-26,Furniture,CUST-0296,43.7
2022-03-30,Furniture,CUST-0276,52.46
2022-07-28,Furniture,CUST-0153,294.08
2023-08-05,Office Supplies,CUST-0099,571.36
2022-07-11,Office Supplies,CUST-0214,43.56
2022-05-24,Technology,CUST-0361,117.12
2022-08-05,Office Supplies,CUST-0035,151.93
2023-06-03,Furniture,CUST-0305,262.98
2022-04-21,Furniture,CUST-0179,98.83
2023-07-08,Office Supplies,CUST-0173,72.3
2022-06-04,Technology,CUST-0036,277.12
2022-10-12,Office Supplies,CUST-0439,97.42
2022-06-01,Furniture,CUST-0383,149.25
2022-06-15,Furniture,CUST-0435,107.08
2022-01-21,Office Supplies,CUST-0359,336.05
2023-12-27,Technology,CUST-0393,306.12
2023-10-31,Technology,CUST-0312,467.05
2022-08-25,Furniture,CUST-0283,530.03
2023-04-09,Technology,CUST-0172,288.82
2023-11-21,Office Supplies,CUST-0165,134.36
2023-01-18,Office Supplies,CUST-0432,264.61
2023-03-22,Office Supplies,CUST-0270,264.43
2022-09-10,Technology,CUST-0095,261.38
2022-02-19,Office Supplies,CUST-0498,309.8
2023-08-05,Office Supplies,CUST-0050,52.99
2023-07-13,Technology,CUST-0354,349.79
2022-12-18,Office Supplies,CUST-0256,203.72
2023-03-22,Furniture,CUST-0334,161.8
2022-04-08,Furniture,CUST-0455,202.37
2023-07-04,Furniture,CUST-0347,410.21
2022-07-28,Office Supplies,CUST-0089,42.96
2022-01-22,Furniture,CUST-0272,610.71
2022-05-08,Office Supplies,CUST-0273,233.01
2023-08-16,Technology,CUST-0325,296.28
2023-03-24,Office Supplies,CUST-0105,100.2
2022-09-22,Office Supplies,CUST-0342,108.46
2023-09-01,Technology,CUST-0449,292.11
2023-05-28,Furniture,CUST-0260,187.27
2022-06-10,Technology,CUST-0105,192.25
2023-12-01,Technology,CUST-0464,342.95
2023-09-17,Office Supplies,CUST-0018,98.47
2022-04-23,Office Supplies,CUST-0295,232.44
2022-07-01,Furniture,CUST-0250,226.85
2023-12-09,Technology,CUST-0248,317.97
2023-05-21,Office Supplies,CUST-0494,28.13
2022-12-29,Furniture,CUST-0474,50.74
2022-05-08,Technology,CUST-0411,130.11
2022-03-06,Technology,CUST-0369,238.73
2023-09-03,Office Supplies,CUST-0477,56.9
2022-07-31,Technology,CUST-0499,107.68
2022-04-22,Technology,CUST-0122,155.46
2023-02-02,Office Supplies,CUST-0207,146.11
2023-07-23,Furniture,CUST-0291,248.13
2023-04-22,Furniture,CUST-0321,170.18
2023-11-11,Furniture,CUST-0476,236.12
2023-08-09,Office Supplies,CUST-0273,116.42
2023-03-28,Technology,CUST-0016,91.3
2023-10-21,Technology,CUST-0434,205.43
2022-12-06,Office Supplies,CUST-0239,23.78
2022-07-17,Technology,CUST-0390,131.7
2023-01-26,Furniture,CUST-0027,185.7
2023-07-02,Furniture,CUST-0192,259.27
2023-09-01,Office Supplies,CUST-0294,114.95
2022-11-30,Office Supplies,CUST-0035,67.52
2022-06-18,Office Supplies,CUST-0071,285.44
2022-02-01,Office Supplies,CUST-0043,170.24
2023-06-02,Office Supplies,CUST-0071,128.81
2023-11-01,Technology,CUST-0126,139.96
2023-11-13,Office Supplies,CUST-0204,45.09
2023-07-07,Office Supplies,CUST-0062,133.6
2023-05-13,Office Supplies,CUST-0127,294.59
2022-07-18,Office Supplies,CUST-0089,72.62
2022-04-11,Office Supplies,CUST-0117,435.53
2023-03-05,Office Supplies,CUST-0366,127.91
2022-05-10,Office Supplies,CUST-0318,161.82
2022-12-03,Furniture,CUST-0306,253.7
2022-06-01,Furniture,CUST-0401,581.12
2023-05-11,Office Supplies,CUST-0045,73.62
2022-05-12,Technology,CUST-0404,47.36
2023-07-13,Technology,CUST-0265,198.68
2022-09-04,Technology,CUST-0436,23.02
2022-06-03,Office Supplies,CUST-0092,425.56
2022-09-30,Furniture,CUST-0076,272.02
2023-10-05,Office Supplies,CUST-0055,279.47
2023-02-12,Technology,CUST-0318,480.13
2023-06-21,Office Supplies,CUST-0464,488.68
2022-05-14,Office Supplies,CUST-0336,30.12
2022-11-30,Office Supplies,CUST-0090,144.11
2023-12-25,Furniture,CUST-0436,901.36
2023-04-04,Office Supplies,CUST-0108,386.13
2023-08-13,Furniture,CUST-0098,190.94
2023-10-23,Furniture,CUST-0484,53.15
2022-10-31,Office Supplies,CUST-0084,67.17
2023-07-12,Office Supplies,CUST-0268,347.59
2022-12-05,Office Supplies,CUST-0238,276.71
2022-07-11,Furniture,CUST-0018,400.33
2022-02-20,Furniture,CUST-0480,126.37
2022-03-25,Technology,CUST-0107,165.89
2022-05-23,Office Supplies,CUST-0378,112.48
2023-11-24,Office Supplies,CUST-0271,140.26
2022-05-29,Technology,CUST-0422,107.16
2023-04-17,Technology,CUST-0119,207.74
2022-06-18,Technology,CUST-0401,344.32
2023-05-31,Furniture,CUST-0354,521.58
2022-07-16,Furniture,CUST-0012,46.22
2023-01-27,Office Supplies,CUST-0267,494.06
2023-06-04,Furniture,CUST-0124,577.03
2023-06-06,Technology,CUST-0112,670.46
2023-10-23,Furniture,CUST-0478,102.4
2022-08-04,Office Supplies,CUST-0393,445.01
2023-07-10,Office Supplies,CUST-0330,94.28
2023-01-13,Furniture,CUST-0051,184.01
2023-12-13,Office Supplies,CUST-0070,597.37
2023-01-17,Office Supplies,CUST-0289,103.81
2022-12-18,Technology,CUST-0298,181.0
2022-04-20,Technology,CUST-0426,218.88
2022-02-26,Furniture,CUST-0382,112.68
2023-07-30,Office Supplies,CUST-0289,134.37
2022-08-14,Office Supplies,CUST-0435,328.4
2023-02-06,Office Supplies,CUST-0088,372.52
2022-12-09,Technology,CUST-0139,245.13
2022-08-06,Technology,CUST-0431,223.46
2022-07-29,Office Supplies,CUST-0275,29.53
2022-09-08,Furniture,CUST-0321,174.5
2023-06-14,Technology,CUST-0005,94.08
2022-07-01,Furniture,CUST-0285,213.17
2022-09-12,Furniture,CUST-0459,44.84
2023-08-17,Office Supplies,CUST-0470,414.95
2022-05-31,Office Supplies,CUST-0188,154.16
2023-02-01,Office Supplies,CUST-0330,83.75
2023-10-17,Furniture,CUST-0127,382.88
2023-02-20,Furniture,CUST-0143,302.35
2022-01-11,Office Supplies,CUST-0445,109.48
2022-08-09,Office Supplies,CUST-0237,145.67
2022-07-08,Technology,CUST-0104,156.29
2023-02-13,Furniture,CUST-0090,212.57
2023-06-08,Office Supplies,CUST-0244,210.3
2022-11-08,Furniture,CUST-0482,227.01
2022-02-11,Office Supplies,CUST-0181,271.88
2023-07-22,Office Supplies,CUST-0101,318.41
2023-08-18,Furniture,CUST-0010,353.83
2022-01-04,Technology,CUST-0336,452.69
2023-07-27,Technology,CUST-0427,132.92
2022-03-04,Office Supplies,CUST-0226,122.02
2023-03-05,Furniture,CUST-0028,509.99
2023-08-11,Furniture,CUST-0354,60.62
2023-01-03,Technology,CUST-0344,185.14
2022-06-19,Office Supplies,CUST-0090,590.87
2023-03-09,Furniture,CUST-0324,398.37
2023-07-15,Office Supplies,CUST-0247,206.02
2023-07-14,Office Supplies,CUST-0098,516.48
2023-11-20,Technology,CUST-0080,623.85
2023-04-09,Office Supplies,CUST-0492,249.64
2023-12-08,Office Supplies,CUST-0342,85.9
2023-12-09,Technology,CUST-0415,173.55
2022-09-03,Office Supplies,CUST-0207,126.97
2022-05-25,Office Supplies,CUST-0333,381.76
2022-02-14,Furniture,CUST-0062,217.87
2023-03-04,Furniture,CUST-0034,23.35
2023-01-29,Furniture,CUST-0475,131.91
2023-11-22,Office Supplies,CUST-0193,84.04
2023-12-26,Furniture,CUST-0145,394.04
2023-11-28,Furniture,CUST-0308,58.04
2023-04-29,Office Supplies,CUST-0141,674.27
2023-09-01,Office Supplies,CUST-0043,34.93
2022-09-19,Technology,CUST-0071,950.11
2023-06-17,Technology,CUST-0080,201.69
2023-11-25,Technology,CUST-0005,300.12
2023-06-14,Office Supplies,CUST-0057,41.96
2022-10-04,Office Supplies,CUST-0040,169.86
2022-02-24,Furniture,CUST-0172,67.75
2022-07-03,Technology,CUST-0471,48.31
2022-07-20,Furniture,CUST-0322,115.43
2023-05-19,Furniture,CUST-0191,305.99
2022-10-10,Furniture,CUST-0063,223.63
2022-01-19,Technology,CUST-0423,277.64
2023-01-23,Technology,CUST-0197,155.99
2022-07-15,Office Supplies,CUST-0457,130.05
2022-02-26,Office Supplies,CUST-0210,157.26
2022-12-10,Technology,CUST-0279,42.43
2022-09-28,Furniture,CUST-0188,67.28
2023-12-27,Technology,CUST-0365,121.83
2023-10-03,Furniture,CUST-0379,328.94
2022-04-13,Office Supplies,CUST-0146,391.56
2022-03-23,Technology,CUST-0310,477.51
2022-06-11,Office Supplies,CUST-0402,145.15
2023-12-14,Furniture,CUST-0255,119.7
2023-08-17,Furniture,CUST-0220,369.77
2023-02-16,Office Supplies,CUST-0235,287.12
2022-06-08,Furniture,CUST-0404,149.62
2022-08-05,Office Supplies,CUST-0185,164.44
2023-09-10,Office Supplies,CUST-0178,540.67
2022-04-18,Technology,CUST-0196,212.12
2023-04-24,Technology,CUST-0487,137.15
2022-11-10,Furniture,CUST-0418,230.17
2022-03-19,Technology,CUST-0357,46.94
2022-03-15,Furniture,CUST-0332,169.41
2023-10-19,Office Supplies,CUST-0376,82.27
2023-12-18,Office Supplies,CUST-0024,382.4
2022-06-01,Technology,CUST-0259,29.78
2023-04-24,Furniture,CUST-0473,130.42
2022-11-20,Technology,CUST-0141,503.19
2022-12-21,Office Supplies,CUST-0258,77.84
2022-06-29,Furniture,CUST-0348,409.92
2023-03-15,Technology,CUST-0444,342.4
2023-12-29,Technology,CUST-0103,419.3
2022-12-19,Office Supplies,CUST-0374,565.64
2022-06-22,Furniture,CUST-0376,365.17
2022-07-03,Office Supplies,CUST-0116,30.5
2023-12-13,Furniture,CUST-0237,23.88
2023-02-20,Office Supplies,CUST-0226,187.44
2023-01-31,Furniture,CUST-0145,63.29
2022-03-11,Office Supplies,CUST-0214,175.55
2022-12-01,Office Supplies,CUST-0349,562.72
2023-09-18,Office Supplies,CUST-0487,199.58
2023-01-09,Furniture,CUST-0478,26.58
2023-09-27,Office Supplies,CUST-0082,198.83
2022-01-16,Furniture,CUST-0163,1163.52
2023-04-09,Furniture,CUST-0375,48.1
2022-10-28,Technology,CUST-0189,143.44
2023-04-16,Technology,CUST-0053,118.85
2022-06-03,Office Supplies,CUST-0147,90.22
2022-06-28,Office Supplies,CUST-0382,385.49
2022-03-05,Office Supplies,CUST-0011,343.09
2022-02-15,Furniture,CUST-0164,290.13
2022-12-04,Technology,CUST-0447,259.69
2022-10-08,Technology,CUST-0084,93.06
2022-02-20,Furniture,CUST-0126,147.61
2022-09-15,Office Supplies,CUST-0230,644.74
2022-01-10,Furniture,CUST-0164,105.16
2023-11-20,Technology,CUST-0389,206.83
2023-12-02,Technology,CUST-0346,82.38
2022-09-28,Office Supplies,CUST-0257,379.2
2022-09-16,Technology,CUST-0351,423.46
2022-03-31,Furniture,CUST-0358,197.23
2023-04-01,Furniture,CUST-0117,66.09
2023-03-24,Technology,CUST-0264,458.91
2022-01-31,Office Supplies,CUST-0093,92.46
2023-05-17,Furniture,CUST-0084,215.88
2023-07-03,Furniture,CUST-0407,84.62
2023-03-08,Office Supplies,CUST-0014,161.54
2023-05-20,Office Supplies,CUST-0091,339.5
2023-12-28,Office Supplies,CUST-0042,504.33
2023-11-07,Furniture,CUST-0058,265.41
2022-05-09,Furniture,CUST-0426,99.44
2023-11-25,Office Supplies,CUST-0006,651.14
2023-05-21,Office Supplies,CUST-0002,461.04
2023-02-08,Technology,CUST-0368,134.97
2022-04-15,Furniture,CUST-0046,189.45
2022-08-04,Furniture,CUST-0492,196.45
2023-04-03,Technology,CUST-0028,117.04
2022-01-16,Technology,CUST-0243,121.89
2023-12-06,Technology,CUST-0115,137.03
2023-04-28,Furniture,CUST-0075,79.05
2022-08-03,Technology,CUST-0039,77.98
2022-01-07,Technology,CUST-0161,248.96
2023-03-31,Furniture,CUST-0276,105.59
2023-11-07,Furniture,CUST-0333,87.94
2022-11-06,Office Supplies,CUST-0439,121.74
2023-08-18,Technology,CUST-0128,53.12
2022-12-23,Furniture,CUST-0164,15.48
2023-11-23,Technology,CUST-0434,154.37
2023-09-04,Office Supplies,CUST-0103,90.78
2022-10-12,Furniture,CUST-0085,272.93
2023-04-24,Technology,CUST-0101,4.57
2022-06-25,Office Supplies,CUST-0059,76.3
2023-05-29,Furniture,CUST-0211,333.93
2023-08-17,Office Supplies,CUST-0140,45.41
2023-01-24,Technology,CUST-0106,191.21
2022-06-20,Furniture,CUST-0301,315.84
2023-10-20,Furniture,CUST-0185,56.07
2022-04-24,Technology,CUST-0143,405.93
2022-09-17,Office Supplies,CUST-0441,115.06
2022-08-19,Furniture,CUST-0270,355.56
2022-04-22,Technology,CUST-0486,225.48
2023-04-07,Office Supplies,CUST-0052,200.92
2023-01-09,Technology,CUST-0045,364.7
2022-02-01,Technology,CUST-0067,159.05
2023-11-28,Furniture,CUST-0393,132.26
2022-03-03,Office Supplies,CUST-0068,157.24
2023-01-28,Furniture,CUST-0246,334.77
2023-09-14,Office Supplies,CUST-0106,221.93
2023-11-14,Office Supplies,CUST-0162,119.21
2023-07-21,Furniture,CUST-0003,231.97
2022-05-06,Technology,CUST-0198,272.72
2023-04-29,Office Supplies,CUST-0359,479.38
2023-10-20,Furniture,CUST-0104,211.22
2023-09-18,Office Supplies,CUST-0381,166.01
2022-09-21,Technology,CUST-0367,161.61
2022-11-24,Office Supplies,CUST-0411,407.38
2022-01-26,Office Supplies,CUST-0083,165.13
2022-06-18,Furniture,CUST-0229,201.36
2023-01-02,Technology,CUST-0135,54.89
2023-11-20,Office Supplies,CUST-0022,271.35
2023-02-16,Office Supplies,CUST-0279,218.37
2022-05-24,Technology,CUST-0417,162.92
2023-02-26,Furniture,CUST-0134,167.04
2023-03-01,Office Supplies,CUST-0330,501.59
2023-03-22,Furniture,CUST-0070,179.06
2023-10-14,Office Supplies,CUST-0278,466.61
2023-03-31,Furniture,CUST-0089,89.51
2022-09-08,Furniture,CUST-0052,736.24
2022-08-14,Technology,CUST-0034,157.72
2023-03-19,Office Supplies,CUST-0432,87.15
2023-02-07,Furniture,CUST-0103,281.66
2022-01-29,Technology,CUST-0333,196.89
2022-10-20,Furniture,CUST-0432,229.14
2022-06-23,Technology,CUST-0496,45.64
2022-12-17,Furniture,CUST-0299,99.9
2023-10-26,Furniture,CUST-0166,160.99
2022-08-20,Furniture,CUST-0195,469.71
2023-03-13,Office Supplies,CUST-0346,349.24
2023-08-22,Furniture,CUST-0321,303.44
2023-07-10,Office Supplies,CUST-0429,180.72
2023-01-14,Furniture,CUST-0244,308.95
2022-10-29,Technology,CUST-0158,126.59
2022-03-26,Technology,CUST-0099,419.35
2022-06-23,Furniture,CUST-0220,238.25
2023-09-09,Furniture,CUST-0002,1231.7
2023-06-17,Office Supplies,CUST-0180,21.45
2022-02-07,Office Supplies,CUST-0025,738.17
2022-01-26,Office Supplies,CUST-0323,77.77
2023-07-14,Furniture,CUST-0371,282.67
2023-08-29,Furniture,CUST-0278,248.29
2022-03-10,Office Supplies,CUST-0246,90.38
2022-08-04,Office Supplies,CUST-0016,175.49
2023-07-05,Technology,CUST-0256,97.34
2023-12-29,Furniture,CUST-0172,267.04
2023-08-12,Technology,CUST-0480,114.1
2022-11-21,Furniture,CUST-0169,331.29
2023-05-31,Office Supplies,CUST-0060,311.78
2022-08-15,Furniture,CUST-0466,437.43
2022-06-02,Furniture,CUST-0279,177.26
2022-07-05,Office Supplies,CUST-0276,486.65
2023-04-11,Office Supplies,CUST-0238,264.81
2023-05-03,Office Supplies,CUST-0417,221.21
2022-11-22,Technology,CUST-0101,242.06
2023-12-09,Technology,CUST-0344,182.76
2022-08-10,Office Supplies,CUST-0080,243.8
2022-01-16,Office Supplies,CUST-0012,407.09
2022-10-15,Furniture,CUST-0472,64.98
2023-10-27,Furniture,CUST-0092,67.64
2022-04-13,Office Supplies,CUST-0257,336.66
2022-08-14,Office Supplies,CUST-0237,149.88
2023-09-26,Office Supplies,CUST-0315,271.39
2023-09-10,Furniture,CUST-0398,95.51
2022-04-19,Office Supplies,CUST-0347,197.82
2022-10-15,Furniture,CUST-0366,379.9
2022-11-16,Furniture,CUST-0182,77.4
2023-04-12,Furniture,CUST-0348,305.59
2023-08-22,Furniture,CUST-0015,312.19
2023-09-05,Furniture,CUST-0029,99.28
2022-09-28,Office Supplies,CUST-0214,211.96
2022-02-28,Technology,CUST-0331,265.36
2022-05-19,Technology,CUST-0439,196.49
2022-04-28,Office Supplies,CUST-0393,217.57
2023-11-24,Technology,CUST-0440,311.57
2022-10-22,Furniture,CUST-0394,112.36
2023-12-01,Technology,CUST-0480,271.53
2022-05-21,Technology,CUST-0476,156.1
2023-10-20,Furniture,CUST-0243,96.77
2023-06-02,Office Supplies,CUST-0067,51.66
2022-01-12,Furniture,CUST-0258,209.82
2022-08-10,Technology,CUST-0428,626.91
2023-02-20,Technology,CUST-0371,167.53
2022-10-07,Furniture,CUST-0168,147.39
2023-12-16,Office Supplies,CUST-0024,314.85
2023-10-30,Office Supplies,CUST-0199,135.17
2023-11-05,Office Supplies,CUST-0234,97.76
2022-10-07,Office Supplies,CUST-0118,64.34
2023-04-01,Furniture,CUST-0100,322.98
2022-04-13,Office Supplies,CUST-0282,308.88
2022-01-07,Technology,CUST-0092,136.26
2022-02-22,Furniture,CUST-0132,447.29
2022-12-30,Office Supplies,CUST-0007,173.77
2023-01-02,Office Supplies,CUST-0404,199.63
2023-01-15,Office Supplies,CUST-0323,565.77
2022-10-17,Office Supplies,CUST-0058,76.83
2022-04-25,Office Supplies,CUST-0304,219.31
2022-12-01,Office Supplies,CUST-0104,93.34
2022-11-20,Office Supplies,CUST-0255,240.08
2023-01-29,Office Supplies,CUST-0022,305.33
2022-04-15,Office Supplies,CUST-0432,266.55
2022-08-09,Technology,CUST-0258,200.11
2022-12-15,Office Supplies,CUST-0226,504.31
2022-05-07,Technology,CUST-0403,563.4
2022-09-14,Technology,CUST-0289,71.83
2023-07-23,Furniture,CUST-0137,174.29
2023-02-23,Technology,CUST-0463,351.47
2023-12-03,Furniture,CUST-0152,145.19
2022-10-05,Technology,CUST-0008,207.47
2022-05-16,Office Supplies,CUST-0219,174.29
2023-06-30,Office Supplies,CUST-0236,616.31
2023-03-20,Furniture,CUST-0205,181.3
2022-07-16,Furniture,CUST-0248,87.83
2022-08-27,Furniture,CUST-0010,498.65
2022-08-21,Office Supplies,CUST-0012,149.9
2023-03-22,Office Supplies,CUST-0039,288.34
2023-12-19,Technology,CUST-0360,523.8
2022-06-29,Office Supplies,CUST-0235,134.73
2022-03-21,Technology,CUST-0477,208.98
2022-04-13,Office Supplies,CUST-0128,247.45
2022-08-19,Technology,CUST-0240,305.66
2022-11-29,Office Supplies,CUST-0292,189.67
2023-03-04,Furniture,CUST-0141,54.42
2023-10-17,Furniture,CUST-0463,334.85
2023-11-13,Office Supplies,CUST-0201,274.12
2023-10-27,Furniture,CUST-0085,62.87
2022-08-28,Furniture,CUST-0310,332.63
2022-04-09,Technology,CUST-0327,847.51
2023-08-02,Technology,CUST-0167,287.71
2022-02-21,Technology,CUST-0494,35.7
2022-07-23,Furniture,CUST-0382,172.31
2023-01-16,Office Supplies,CUST-0123,439.51
2022-04-24,Technology,CUST-0145,249.77
2023-07-04,Office Supplies,CUST-0105,734.57
2023-03-20,Technology,CUST-0401,146.98
2023-08-31,Technology,CUST-0402,104.99
2023-06-02,Technology,CUST-0427,145.07
2022-09-06,Furniture,CUST-0210,93.12
2022-04-06,Office Supplies,CUST-0244,232.76
2023-05-16,Technology,CUST-0404,216.02
2023-10-11,Technology,CUST-0221,33.72
2023-01-14,Office Supplies,CUST-0334,236.31
2023-11-21,Technology,CUST-0374,106.33
2022-02-03,Furniture,CUST-0378,195.91
2022-11-14,Office Supplies,CUST-0312,278.53
2022-07-31,Office Supplies,CUST-0044,65.07
2022-06-07,Technology,CUST-0394,661.0
2022-08-07,Furniture,CUST-0315,181.38
2023-12-04,Office Supplies,CUST-0394,506.22
2023-11-18,Technology,CUST-0357,164.89
2022-07-23,Furniture,CUST-0275,49.65
2022-10-30,Furniture,CUST-0200,485.69
2023-11-23,Office Supplies,CUST-0295,130.74
2022-05-09,Office Supplies,CUST-0277,102.7
2023-06-20,Office Supplies,CUST-0391,326.89
2022-08-13,Technology,CUST-0280,111.69
2022-01-12,Office Supplies,CUST-0452,224.08
2022-08-17,Furniture,CUST-0080,215.54
2022-10-17,Technology,CUST-0159,262.13
2022-12-25,Technology,CUST-0075,396.63
2022-07-15,Furniture,CUST-0194,214.06
2023-02-09,Furniture,CUST-0019,238.06
2022-03-18,Technology,CUST-0297,350.86
2022-12-25,Technology,CUST-0324,67.48
2023-09-17,Office Supplies,CUST-0061,193.98
2022-05-07,Office Supplies,CUST-0262,32.72
2022-04-02,Technology,CUST-0449,912.73
2023-04-11,Furniture,CUST-0287,318.59
2023-03-15,Furniture,CUST-0420,82.32
2023-11-07,Technology,CUST-0149,125.9
2023-04-30,Office Supplies,CUST-0154,181.27
2022-08-16,Office Supplies,CUST-0046,202.44
2023-09-24,Furniture,CUST-0220,200.89
2022-03-07,Technology,CUST-0124,351.93
2023-10-24,Office Supplies,CUST-0091,83.47
2023-01-12,Office Supplies,CUST-0152,399.9
2023-09-19,Technology,CUST-0094,348.41
2023-11-15,Technology,CUST-0401,169.05
2022-12-07,Office Supplies,CUST-0340,216.48
2022-11-26,Furniture,CUST-0454,47.18
2023-07-09,Furniture,CUST-0155,102.43
2023-01-25,Office Supplies,CUST-0361,353.75
2022-05-05,Office Supplies,CUST-0456,123.56
2022-09-03,Technology,CUST-0193,256.49
2023-07-02,Furniture,CUST-0422,294.15
2023-10-13,Technology,CUST-0287,640.18
2022-05-26,Technology,CUST-0184,324.17
2023-12-01,Office Supplies,CUST-0271,161.11
2023-02-19,Office Supplies,CUST-0056,120.72
2022-05-18,Furniture,CUST-0057,42.67
2022-03-12,Furniture,CUST-0082,84.59
2022-02-12,Furniture,CUST-0422,127.63
2022-05-13,Furniture,CUST-0290,432.03
2023-07-27,Technology,CUST-0088,129.97
2023-01-31,Technology,CUST-0082,113.03
2022-10-19,Furniture,CUST-0024,371.78
2022-11-07,Technology,CUST-0280,415.71
2023-02-26,Office Supplies,CUST-0497,210.42
2022-06-12,Office Supplies,CUST-0165,10.87
2022-10-12,Office Supplies,CUST-0500,333.08
2023-12-17,Office Supplies,CUST-0350,177.75
2023-01-20,Office Supplies,CUST-0122,29.71
2023-11-01,Furniture,CUST-0455,46.23
2023-07-15,Technology,CUST-0340,88.81
2022-12-22,Furniture,CUST-0045,169.38
2023-12-17,Furniture,CUST-0167,155.37
2023-12-24,Technology,CUST-0239,103.96
2023-07-03,Technology,CUST-0165,83.46
2022-07-11,Furniture,CUST-0062,205.54
2022-08-27,Office Supplies,CUST-0082,151.29
2022-07-21,Office Supplies,CUST-0132,462.6
2023-12-07,Furniture,CUST-0058,394.38
2023-06-24,Office Supplies,CUST-0487,232.34
2023-12-01,Technology,CUST-0483,198.58
2023-09-09,Furniture,CUST-0320,127.61
2022-10-08,Furniture,CUST-0390,163.05
2022-07-10,Office Supplies,CUST-0381,102.68
2022-10-14,Technology,CUST-0062,132.35
2022-01-14,Office Supplies,CUST-0245,150.89
2022-01-28,Technology,CUST-0208,344.75
2022-04-14,Furniture,CUST-0101,243.19
2022-10-04,Office Supplies,CUST-0388,196.18
2022-05-18,Technology,CUST-0034,270.09
2022-11-13,Office Supplies,CUST-0340,260.2
2023-05-28,Office Supplies,CUST-0271,117.58
2023-10-13,Office Supplies,CUST-0480,158.0
2022-05-03,Technology,CUST-0081,133.42
2022-11-11,Furniture,CUST-0198,560.96
2022-01-20,Technology,CUST-0130,149.05
2023-01-22,Technology,CUST-0215,131.56
2022-02-12,Technology,CUST-0278,309.9
2022-04-16,Furniture,CUST-0001,125.51
2023-03-08,Technology,CUST-0015,360.92
2022-04-24,Office Supplies,CUST-0166,203.62
2023-09-21,Furniture,CUST-0404,56.57
2023-12-09,Furniture,CUST-0368,16.77
2022-10-02,Technology,CUST-0241,203.18
2022-06-02,Technology,CUST-0128,83.18
2023-07-22,Technology,CUST-0019,124.25
2022-02-16,Office Supplies,CUST-0322,323.18
2023-08-08,Technology,CUST-0419,569.99
2023-04-27,Technology,CUST-0297,131.67
2022-08-18,Furniture,CUST-0168,438.54
2022-09-27,Furniture,CUST-0045,218.61
2023-11-06,Office Supplies,CUST-0253,521.48
2022-11-06,Furniture,CUST-0104,48.57
2022-05-16,Office Supplies,CUST-0451,141.54
2023-04-10,Furniture,CUST-0142,191.29
2023-11-08,Furniture,CUST-0276,445.21
2023-11-18,Office Supplies,CUST-0436,341.39
2022-02-16,Technology,CUST-0048,167.56
2022-08-01,Technology,CUST-0324,702.46
2022-03-18,Technology,CUST-0410,315.9
2023-07-05,Office Supplies,CUST-0275,188.08
2023-06-24,Technology,CUST-0266,115.73
2023-12-18,Technology,CUST-0225,175.97
2023-06-29,Technology,CUST-0158,201.91
2022-10-30,Furniture,CUST-0450,253.63
2023-09-29,Technology,CUST-0016,170.46
2022-02-28,Office Supplies,CUST-0063,227.18
2022-11-28,Office Supplies,CUST-0255,12.23
2023-12-19,Technology,CUST-0301,146.87
2023-07-12,Office Supplies,CUST-0430,727.24
2022-09-03,Furniture,CUST-0157,329.9
2022-11-09,Office Supplies,CUST-0150,294.5
2023-07-12,Office Supplies,CUST-0313,117.39
2022-09-29,Office Supplies,CUST-0493,101.19
2022-10-19,Office Supplies,CUST-0361,101.42
2022-01-10,Office Supplies,CUST-0111,334.43
2022-05-13,Technology,CUST-0057,67.01
2022-09-28,Office Supplies,CUST-0357,250.03
2022-11-25,Technology,CUST-0167,112.24
2022-01-23,Office Supplies,CUST-0469,340.2
2022-02-20,Technology,CUST-0168,95.13
2023-12-20,Furniture,CUST-0110,341.95
2023-10-14,Technology,CUST-0094,55.95
2022-08-17,Technology,CUST-0025,133.06
2022-05-06,Technology,CUST-0089,484.35
2022-12-18,Furniture,CUST-0257,176.58
2023-09-09,Technology,CUST-0279,73.82
2023-08-29,Furniture,CUST-0289,761.11
2022-12-11,Technology,CUST-0346,33.19
2023-04-09,Technology,CUST-0152,23.1
2022-10-10,Technology,CUST-0215,119.39
2023-06-19,Office Supplies,CUST-0447,317.32
2023-07-29,Office Supplies,CUST-0369,122.13
2022-04-13,Office Supplies,CUST-0160,82.04
2023-02-07,Furniture,CUST-0088,12.84
2023-12-27,Office Supplies,CUST-0297,198.86
2023-07-31,Furniture,CUST-0428,232.94
2022-08-17,Technology,CUST-0210,59.69
2022-07-23,Furniture,CUST-0428,370.19
2022-02-23,Furniture,CUST-0031,733.63
2022-09-10,Office Supplies,CUST-0158,173.59
2022-03-08,Office Supplies,CUST-0463,274.9
2023-01-28,Furniture,CUST-0381,130.44
2023-03-23,Technology,CUST-0168,407.91
2022-08-10,Technology,CUST-0278,214.78
2023-07-28,Furniture,CUST-0466,154.36
2022-12-25,Technology,CUST-0086,31.59
2022-11-09,Furniture,CUST-0287,98.84
2022-12-17,Furniture,CUST-0480,262.38
2022-04-06,Furniture,CUST-0365,167.27
2023-02-16,Technology,CUST-0118,133.44
2023-08-14,Technology,CUST-0107,435.43
2023-04-13,Technology,CUST-0026,90.33
2023-09-29,Office Supplies,CUST-0073,553.06
2023-08-13,Furniture,CUST-0344,504.0
2022-10-26,Technology,CUST-0275,129.07
2023-11-16,Technology,CUST-0376,430.39
2022-12-22,Office Supplies,CUST-0273,176.88
2022-11-19,Office Supplies,CUST-0089,23.2
2023-12-13,Office Supplies,CUST-0089,350.51
2023-05-18,Furniture,CUST-0165,350.43
2023-06-04,Furniture,CUST-0339,85.87
2022-11-30,Technology,CUST-0339,151.58
2022-07-18,Technology,CUST-0180,169.05
2023-07-14,Furniture,CUST-0006,511.59
2022-07-22,Furniture,CUST-0273,144.22
2022-08-09,Technology,CUST-0260,105.35
2023-05-19,Office Supplies,CUST-0208,309.34
2023-03-18,Technology,CUST-0002,152.25
2023-12-12,Office Supplies,CUST-0280,364.25
2023-05-31,Technology,CUST-0257,268.22
2023-01-30,Office Supplies,CUST-0062,114.19
2022-07-17,Furniture,CUST-0056,418.85
2023-11-18,Furniture,CUST-0500,15.88
2022-10-15,Office Supplies,CUST-0455,166.36
2023-12-15,Technology,CUST-0414,145.26
2022-01-25,Furniture,CUST-0059,211.8
2023-07-23,Office Supplies,CUST-0328,407.01
2022-02-25,Technology,CUST-0069,208.74
2022-09-14,Furniture,CUST-0234,296.18
2023-10-21,Office Supplies,CUST-0413,50.16
2023-07-15,Furniture,CUST-0404,374.56
2023-07-09,Furniture,CUST-0452,73.83
2023-02-21,Office Supplies,CUST-0247,156.17
2023-09-29,Technology,CUST-0080,106.9
2023-12-27,Furniture,CUST-0382,688.3
2023-07-27,Furniture,CUST-0307,123.51
2022-08-07,Furniture,CUST-0415,118.87
2022-08-25,Furniture,CUST-0317,63.38
2023-04-18,Office Supplies,CUST-0112,111.6
2023-09-23,Office Supplies,CUST-0493,542.84
2023-07-03,Office Supplies,CUST-0035,408.71
2022-12-02,Technology,CUST-0377,264.62
2023-03-03,Technology,CUST-0401,328.23
2023-08-20,Office Supplies,CUST-0461,84.0
2023-09-10,Office Supplies,CUST-0427,205.66
2022-07-24,Furniture,CUST-0487,140.88
2022-01-07,Furniture,CUST-0493,77.74
2023-07-27,Office Supplies,CUST-0178,47.73
2023-06-07,Furniture,CUST-0384,352.57
2023-11-19,Technology,CUST-0047,574.34
2022-05-03,Furniture,CUST-0107,270.44
2023-07-16,Office Supplies,CUST-0268,26.25
2022-02-28,Office Supplies,CUST-0314,517.59
2023-07-23,Office Supplies,CUST-0090,24.59
2023-06-17,Office Supplies,CUST-0171,91.0
2023-09-17,Furniture,CUST-0266,80.61
2022-01-28,Office Supplies,CUST-0051,732.01
2023-08-14,Furniture,CUST-0451,83.74
2022-07-05,Furniture,CUST-0492,328.7
2022-03-08,Furniture,CUST-0285,217.05
2023-02-21,Office Supplies,CUST-0387,225.85
2022-08-21,Furniture,CUST-0277,140.62
2022-05-02,Furniture,CUST-0088,281.89
2023-06-25,Technology,CUST-0316,258.55
2022-02-13,Office Supplies,CUST-0333,417.77
2023-01-31,Office Supplies,CUST-0358,75.18
2023-11-02,Technology,CUST-0473,404.3
2023-12-18,Technology,CUST-0472,22.99
2023-02-16,Furniture,CUST-0109,112.61
2022-09-05,Technology,CUST-0067,274.12
2023-08-31,Furniture,CUST-0263,350.41
2022-04-23,Furniture,CUST-0456,227.76
2022-05-01,Furniture,CUST-0482,7.64
2022-02-08,Office Supplies,CUST-0474,57.89
2023-11-16,Furniture,CUST-0383,242.45
2022-03-23,Technology,CUST-0500,570.03
2022-04-25,Technology,CUST-0106,253.97
2023-04-17,Technology,CUST-0381,492.62
2023-10-15,Office Supplies,CUST-0112,625.77
2023-10-21,Technology,CUST-0406,460.15
2022-06-16,Furniture,CUST-0072,200.11
2023-06-05,Furniture,CUST-0481,221.54
2023-05-05,Technology,CUST-0017,115.44
2023-05-01,Technology,CUST-0084,242.51
2022-09-21,Office Supplies,CUST-0421,218.77
2023-02-15,Office Supplies,CUST-0342,464.86
2022-02-06,Furniture,CUST-0289,248.0
2023-01-16,Technology,CUST-0344,129.08
2023-04-27,Office Supplies,CUST-0468,345.92
2023-06-29,Technology,CUST-0192,51.61
2023-03-03,Technology,CUST-0436,138.34
2023-10-23,Technology,CUST-0009,214.96
2022-01-08,Furniture,CUST-0125,78.58
2023-05-28,Office Supplies,CUST-0297,287.61
2022-12-05,Technology,CUST-0136,340.97
2022-01-25,Technology,CUST-0183,81.78
2023-06-29,Technology,CUST-0381,291.62
2023-05-10,Office Supplies,CUST-0135,41.41
2022-06-09,Office Supplies,CUST-0400,349.99
2022-05-24,Furniture,CUST-0229,191.04
2022-09-25,Furniture,CUST-0227,277.46
2022-08-02,Office Supplies,CUST-0492,158.99
2023-09-04,Furniture,CUST-0056,75.27
2022-03-08,Technology,CUST-0323,183.32
2023-07-20,Technology,CUST-0333,158.16
2023-09-02,Office Supplies,CUST-0229,288.38
2023-09-04,Office Supplies,CUST-0436,91.31
2022-06-27,Furniture,CUST-0342,478.37
2022-09-17,Furniture,CUST-0095,248.41
2022-09-11,Furniture,CUST-0216,133.51
2022-09-19,Furniture,CUST-0208,358.14
2022-09-23,Technology,CUST-0207,115.3
2022-07-19,Office Supplies,CUST-0376,293.61
2023-06-06,Technology,CUST-0157,79.82
2023-08-02,Office Supplies,CUST-0163,89.25
2022-07-14,Furniture,CUST-0359,102.68
2023-03-25,Office Supplies,CUST-0220,128.43
2022-05-27,Technology,CUST-0299,230.05
2022-03-31,Technology,CUST-0481,278.66
2023-11-04,Furniture,CUST-0078,56.18
2022-12-05,Office Supplies,CUST-0388,486.76
2023-08-30,Technology,CUST-0053,111.98
2023-09-16,Furniture,CUST-0279,27.33
2022-08-06,Furniture,CUST-0189,205.27
2022-10-23,Furniture,CUST-0368,250.69
2023-07-06,Furniture,CUST-0183,329.94
2022-03-27,Furniture,CUST-0456,181.64
2022-12-02,Technology,CUST-0245,122.05
2023-04-30,Furniture,CUST-0223,237.9
2023-03-10,Office Supplies,CUST-0281,481.23
2023-02-21,Office Supplies,CUST-0174,166.93
2023-03-21,Office Supplies,CUST-0338,280.5
2023-09-23,Technology,CUST-0057,63.37
2023-03-10,Furniture,CUST-0055,275.3
2023-03-14,Technology,CUST-0321,398.61
2023-06-01,Office Supplies,CUST-0202,420.82
2022-05-21,Technology,CUST-0198,123.92
2022-10-08,Office Supplies,CUST-0431,197.44
2022-03-27,Office Supplies,CUST-0021,325.64
2023-01-16,Furniture,CUST-0260,319.97
2022-03-11,Technology,CUST-0313,225.28
2023-04-26,Furniture,CUST-0024,686.45
2022-11-21,Furniture,CUST-0348,128.31
2022-01-18,Furniture,CUST-0355,134.56
2023-02-06,Office Supplies,CUST-0056,47.52
2022-02-28,Furniture,CUST-0353,123.98
2023-06-14,Office Supplies,CUST-0167,233.23
2023-07-20,Office Supplies,CUST-0350,21.47
2023-08-19,Office Supplies,CUST-0388,66.31
2023-12-04,Office Supplies,CUST-0387,561.72
2023-12-19,Office Supplies,CUST-0291,368.88
2023-11-06,Furniture,CUST-0440,271.77
2022-05-24,Furniture,CUST-0301,440.77
2022-10-25,Office Supplies,CUST-0271,207.2
2022-08-22,Office Supplies,CUST-0333,464.62
2023-05-06,Furniture,CUST-0378,27.26
2022-12-30,Furniture,CUST-0146,348.86
2023-10-09,Technology,CUST-0003,40.38
2022-04-20,Furniture,CUST-0368,558.16
2022-06-15,Technology,CUST-0474,64.86
2022-04-02,Office Supplies,CUST-0205,131.66
2022-04-11,Office Supplies,CUST-0368,300.04
2022-06-12,Office Supplies,CUST-0035,281.37
2023-06-17,Technology,CUST-0490,349.05
2022-12-05,Furniture,CUST-0333,119.88
2023-02-13,Technology,CUST-0092,195.62
2022-08-23,Office Supplies,CUST-0139,117.26
2022-04-06,Technology,CUST-0026,208.25
2022-08-23,Office Supplies,CUST-0358,485.61
2022-02-20,Office Supplies,CUST-0067,381.19
2023-10-29,Office Supplies,CUST-0168,267.29
2023-09-13,Technology,CUST-0079,143.65
2023-03-15,Furniture,CUST-0205,30.52
2022-05-31,Office Supplies,CUST-0182,421.64
2023-03-09,Furniture,CUST-0440,258.14
2022-11-07,Office Supplies,CUST-0258,82.63
2023-10-28,Office Supplies,CUST-0038,211.58
2023-04-23,Furniture,CUST-0190,390.75
2023-06-20,Furniture,CUST-0324,317.29
2022-04-25,Furniture,CUST-0259,224.8
2022-10-26,Technology,CUST-0049,218.1
2023-04-08,Technology,CUST-0197,230.19
2022-04-01,Office Supplies,CUST-0032,518.88
2023-11-06,Furniture,CUST-0264,155.05
2023-07-07,Office Supplies,CUST-0149,87.83
2023-04-27,Office Supplies,CUST-0435,70.74
2022-09-06,Technology,CUST-0153,388.35
2022-06-03,Furniture,CUST-0279,430.5
2022-10-03,Furniture,CUST-0088,143.08
2022-08-29,Office Supplies,CUST-0163,225.91
2022-05-08,Technology,CUST-0450,117.26
2022-08-22,Office Supplies,CUST-0131,360.36
2022-01-29,Office Supplies,CUST-0371,448.38
2023-04-01,Technology,CUST-0395,151.26
2023-04-11,Office Supplies,CUST-0249,228.82
2022-03-23,Furniture,CUST-0486,165.63
2022-01-12,Furniture,CUST-0449,140.26
2023-08-30,Furniture,CUST-0456,631.06
2023-05-17,Furniture,CUST-0025,290.82
2023-08-27,Office Supplies,CUST-0326,242.6
2022-05-13,Office Supplies,CUST-0476,59.79
2023-08-01,Office Supplies,CUST-0049,130.73
2022-03-16,Office Supplies,CUST-0282,300.7
2022-11-15,Technology,CUST-0470,589.78
2022-02-11,Office Supplies,CUST-0215,269.04
2022-09-22,Technology,CUST-0457,428.24
2022-04-05,Technology,CUST-0336,469.53
2022-03-18,Office Supplies,CUST-0254,75.03
2022-03-15,Furniture,CUST-0254,229.24
2022-11-28,Office Supplies,CUST-0072,187.95
2022-09-02,Office Supplies,CUST-0016,289.7
2022-02-11,Office Supplies,CUST-0278,447.61
2023-02-07,Furniture,CUST-0409,96.15
2023-02-11,Office Supplies,CUST-0139,104.92
2022-03-02,Furniture,CUST-0354,155.81
2022-09-15,Office Supplies,CUST-0446,528.74
2022-09-10,Technology,CUST-0150,78.9
2022-07-27,Furniture,CUST-0234,137.65
2023-01-13,Furniture,CUST-0379,185.63
2023-01-02,Furniture,CUST-0307,77.95
2023-01-11,Technology,CUST-0099,306.62
2023-08-05,Office Supplies,CUST-0272,106.45
2022-10-24,Technology,CUST-0222,958.81
2023-11-26,Technology,CUST-0318,55.6
2022-10-09,Office Supplies,CUST-0311,159.53
2023-10-08,Technology,CUST-0481,139.32
2022-05-02,Office Supplies,CUST-0287,121.21
2022-09-30,Office Supplies,CUST-0210,129.8
2023-12-29,Office Supplies,CUST-0416,62.48
2023-04-25,Furniture,CUST-0035,507.37
2023-05-28,Furniture,CUST-0034,133.59
2023-10-02,Furniture,CUST-0312,101.01
2023-12-24,Office Supplies,CUST-0268,497.14
2022-11-13,Technology,CUST-0438,132.26
2023-04-19,Office Supplies,CUST-0234,113.13
2022-03-27,Office Supplies,CUST-0180,166.72
2023-08-28,Furniture,CUST-0352,51.63
2022-02-28,Technology,CUST-0446,79.43
2023-09-18,Office Supplies,CUST-0322,265.1
2023-07-20,Office Supplies,CUST-0387,275.93
2023-11-23,Technology,CUST-0412,414.61
2023-10-09,Office Supplies,CUST-0128,162.63
2023-09-30,Furniture,CUST-0058,373.02
2022-12-23,Office Supplies,CUST-0327,36.97
2023-09-26,Furniture,CUST-0455,80.63
2023-10-11,Office Supplies,CUST-0418,277.9
2022-09-22,Furniture,CUST-0019,373.29
2023-12-17,Technology,CUST-0298,33.39
2022-09-12,Office Supplies,CUST-0020,138.18
2022-05-20,Technology,CUST-0381,232.99
2022-06-27,Technology,CUST-0359,669.9
2022-01-05,Furniture,CUST-0300,287.83
2023-10-28,Furniture,CUST-0146,465.55
2022-09-09,Furniture,CUST-0311,128.53
2022-04-04,Furniture,CUST-0437,77.18
2023-05-07,Office Supplies,CUST-0040,583.95
2023-02-02,Furniture,CUST-0170,164.94
2023-05-26,Furniture,CUST-0472,74.22
2023-11-16,Furniture,CUST-0247,291.93
2023-08-09,Office Supplies,CUST-0268,189.1
2022-08-23,Technology,CUST-0157,158.63
2022-05-14,Office Supplies,CUST-0388,240.41
2022-06-15,Technology,CUST-0337,92.3
2022-11-04,Office Supplies,CUST-0185,244.67
2022-04-09,Office Supplies,CUST-0098,131.61
2022-03-13,Office Supplies,CUST-0077,119.84
2023-01-06,Furniture,CUST-0177,190.9
2022-07-11,Furniture,CUST-0364,35.24
2022-05-15,Technology,CUST-0280,325.3
2022-08-09,Technology,CUST-0191,389.24
2023-03-14,Technology,CUST-0045,142.82
2023-10-08,Furniture,CUST-0053,396.24
2023-05-07,Office Supplies,CUST-0385,336.64
2022-09-09,Office Supplies,CUST-0363,343.54
2022-05-11,Office Supplies,CUST-0468,97.53
2023-09-27,Technology,CUST-0168,105.17
2022-01-05,Furniture,CUST-0208,160.22
2022-01-08,Furniture,CUST-0032,151.93
2023-12-19,Furniture,CUST-0228,205.37
2022-11-14,Technology,CUST-0045,182.45
2022-08-22,Furniture,CUST-0494,75.57
2023-12-20,Furniture,CUST-0383,100.76
2022-05-21,Technology,CUST-0056,99.8
2023-10-18,Office Supplies,CUST-0215,315.06
2023-07-06,Furniture,CUST-0270,365.99
2023-01-25,Furniture,CUST-0300,5.45
2022-01-12,Furniture,CUST-0192,265.91
2022-12-19,Technology,CUST-0487,329.8
2023-04-15,Office Supplies,CUST-0009,32.87
2022-11-23,Technology,CUST-0489,103.03
2023-08-11,Furniture,CUST-0061,185.57
2022-06-04,Furniture,CUST-0162,62.1
2022-11-03,Office Supplies,CUST-0438,234.47
2022-09-03,Furniture,CUST-0187,152.99
2023-02-12,Furniture,CUST-0341,240.85
2023-10-13,Technology,CUST-0170,132.08
2023-06-11,Technology,CUST-0179,7.24
2022-04-29,Furniture,CUST-0134,195.21
2023-05-31,Office Supplies,CUST-0149,83.01
2023-10-17,Furniture,CUST-0433,538.48
2023-08-27,Furniture,CUST-0324,363.49
2023-05-01,Technology,CUST-0235,459.0
2023-07-04,Technology,CUST-0143,53.23
2022-05-23,Technology,CUST-0363,42.57
2022-10-04,Furniture,CUST-0298,135.67
2022-01-27,Furniture,CUST-0105,231.74
2022-11-15,Technology,CUST-0057,193.88
2022-09-17,Technology,CUST-0459,407.31
2022-12-02,Office Supplies,CUST-0478,81.53
2022-05-29,Furniture,CUST-0245,88.45
2023-03-29,Furniture,CUST-0156,372.98
2022-09-13,Furniture,CUST-0401,103.22
2023-02-11,Technology,CUST-0105,720.51
2022-09-16,Technology,CUST-0344,225.51
2022-11-27,Office Supplies,CUST-0009,62.67
2023-11-24,Technology,CUST-0279,35.28
2022-11-24,Office Supplies,CUST-0320,111.96
2022-11-26,Technology,CUST-0047,234.6
2023-10-03,Office Supplies,CUST-0147,449.97
2023-06-30,Technology,CUST-0089,201.36
2022-08-19,Office Supplies,CUST-0246,73.49
2022-05-08,Technology,CUST-0291,326.52
2023-12-08,Technology,CUST-0475,545.75
2022-11-29,Office Supplies,CUST-0132,555.88
2023-03-17,Office Supplies,CUST-0120,93.79
2023-10-14,Office Supplies,CUST-0044,181.03
2023-09-12,Office Supplies,CUST-0226,96.3
2023-04-19,Furniture,CUST-0109,18.96
2023-04-12,Office Supplies,CUST-0187,284.15
2023-04-12,Technology,CUST-0266,79.36
2022-11-07,Furniture,CUST-0135,199.82
2023-10-30,Office Supplies,CUST-0087,59.26
2022-11-29,Technology,CUST-0432,38.96
2022-09-17,Office Supplies,CUST-0375,413.33
2022-12-19,Office Supplies,CUST-0296,120.98
2022-11-28,Office Supplies,CUST-0348,174.9
2023-08-21,Office Supplies,CUST-0441,468.67
2023-12-05,Office Supplies,CUST-0222,342.09
2023-09-05,Technology,CUST-0060,351.79
2023-06-29,Furniture,CUST-0476,292.53
2022-10-19,Office Supplies,CUST-0405,413.34
2023-11-15,Technology,CUST-0121,383.62
2023-10-26,Office Supplies,CUST-0188,70.02
2023-04-01,Office Supplies,CUST-0328,163.97
2023-08-13,Office Supplies,CUST-0377,171.4
2023-06-19,Furniture,CUST-0015,81.91
2022-04-25,Furniture,CUST-0308,182.15
2023-05-29,Technology,CUST-0448,566.35
2022-11-30,Technology,CUST-0054,142.79
2023-02-13,Office Supplies,CUST-0423,296.15
2023-06-17,Technology,CUST-0159,302.37
2023-07-12,Office Supplies,CUST-0047,307.26
2023-05-02,Office Supplies,CUST-0342,306.55
2022-09-18,Furniture,CUST-0232,182.38
2023-03-23,Furniture,CUST-0052,89.07
2023-01-27,Furniture,CUST-0106,133.17
2022-11-05,Furniture,CUST-0186,274.74
2023-09-16,Furniture,CUST-0468,108.2
2023-05-28,Furniture,CUST-0221,101.63
2023-07-16,Office Supplies,CUST-0456,363.43
2022-01-14,Technology,CUST-0296,278.09
2023-08-06,Technology,CUST-0078,87.71
2023-06-29,Technology,CUST-0367,400.29
2023-06-20,Technology,CUST-0368,105.04
2022-10-15,Office Supplies,CUST-0198,271.99
2022-11-05,Office Supplies,CUST-0332,322.68
2023-01-08,Technology,CUST-0245,429.75
2023-09-20,Furniture,CUST-0356,287.67
2023-02-06,Furniture,CUST-0170,151.54
2022-05-01,Office Supplies,CUST-0266,191.08
2022-09-22,Technology,CUST-0462,357.29
2022-04-29,Office Supplies,CUST-0447,666.5
2022-02-15,Office Supplies,CUST-0046,439.97
2023-08-20,Office Supplies,CUST-0003,651.66
2023-05-26,Furniture,CUST-0175,136.01
2023-05-02,Technology,CUST-0059,269.09
2023-10-15,Technology,CUST-0109,135.07
2022-04-07,Office Supplies,CUST-0016,183.52
2022-11-16,Furniture,CUST-0418,112.58
2023-07-22,Office Supplies,CUST-0231,211.6
2023-11-04,Furniture,CUST-0311,911.06
2023-10-15,Office Supplies,CUST-0388,306.61
2023-06-26,Office Supplies,CUST-0140,510.19
2022-10-09,Office Supplies,CUST-0311,275.78
2022-04-14,Technology,CUST-0337,254.79
2023-04-25,Office Supplies,CUST-0013,393.54
2022-10-20,Office Supplies,CUST-0166,918.91
2022-03-28,Office Supplies,CUST-0473,54.37
2023-07-29,Furniture,CUST-0306,128.4
2022-02-09,Furniture,CUST-0008,41.97
2023-12-01,Furniture,CUST-0430,87.54
2022-02-09,Furniture,CUST-0179,280.22
2022-12-09,Furniture,CUST-0263,44.72
2023-05-24,Office Supplies,CUST-0170,50.09
2023-05-17,Furniture,CUST-0223,252.07
2023-09-11,Furniture,CUST-0409,320.9
2023-05-11,Office Supplies,CUST-0363,307.92
2023-08-03,Office Supplies,CUST-0321,46.9
2023-05-07,Office Supplies,CUST-0470,113.05
2023-01-27,Office Supplies,CUST-0363,344.54
2022-01-12,Office Supplies,CUST-0078,335.89
2023-08-31,Technology,CUST-0273,740.24
2022-05-12,Office Supplies,CUST-0272,119.03
2023-09-13,Technology,CUST-0397,121.37
2023-04-05,Technology,CUST-0121,213.04
2023-08-05,Office Supplies,CUST-0497,70.48
2022-06-10,Furniture,CUST-0206,153.32
2023-08-18,Furniture,CUST-0269,223.77
2022-12-16,Furniture,CUST-0407,167.28
2023-02-07,Technology,CUST-0087,86.8
2022-07-15,Technology,CUST-0062,212.5
2023-12-12,Office Supplies,CUST-0026,262.67
2022-04-16,Technology,CUST-0464,42.53
2023-10-24,Technology,CUST-0010,29.05
2022-09-22,Furniture,CUST-0026,34.49
2023-04-21,Technology,CUST-0034,169.45
2023-07-20,Office Supplies,CUST-0119,280.64
2023-02-11,Furniture,CUST-0087,313.93
2023-04-21,Technology,CUST-0360,218.28
2023-12-07,Furniture,CUST-0108,251.92
2023-01-06,Office Supplies,CUST-0455,283.13
2022-09-25,Technology,CUST-0255,228.27
2023-01-05,Technology,CUST-0303,262.61
2023-01-24,Office Supplies,CUST-0118,66.6
2023-01-29,Technology,CUST-0111,693.4
2023-09-20,Furniture,CUST-0251,213.45
2023-08-05,Technology,CUST-0099,492.54
2023-10-25,Furniture,CUST-0002,158.35
2023-03-10,Office Supplies,CUST-0103,4.08
2023-09-16,Office Supplies,CUST-0304,21.32
2023-07-21,Technology,CUST-0258,476.78
2023-04-23,Office Supplies,CUST-0429,313.95
2023-07-21,Technology,CUST-0017,570.56
2023-12-01,Office Supplies,CUST-0308,293.97
2023-11-26,Office Supplies,CUST-0285,45.11
2022-12-26,Office Supplies,CUST-0250,142.7
2022-04-12,Office Supplies,CUST-0095,213.36
2022-08-17,Office Supplies,CUST-0322,120.54
2022-12-19,Office Supplies,CUST-0492,296.64
2023-11-13,Furniture,CUST-0217,78.35
2023-02-06,Technology,CUST-0206,591.89
2023-12-01,Office Supplies,CUST-0042,162.76
2023-04-29,Furniture,CUST-0389,246.15
2022-03-03,Furniture,CUST-0229,401.78
2023-03-08,Office Supplies,CUST-0432,783.21
2023-08-08,Office Supplies,CUST-0118,295.67
2022-04-30,Technology,CUST-0069,81.69
2022-03-30,Technology,CUST-0260,275.57
2023-10-14,Office Supplies,CUST-0176,268.82
2023-08-09,Technology,CUST-0455,8.06
2023-08-02,Office Supplies,CUST-0275,254.69
2022-11-21,Office Supplies,CUST-0417,178.06
2023-09-16,Office Supplies,CUST-0291,114.55
2022-06-17,Technology,CUST-0428,229.71
2023-11-25,Office Supplies,CUST-0427,96.6
2023-08-05,Office Supplies,CUST-0219,174.22
2022-06-05,Furniture,CUST-0195,600.44
2023-09-11,Furniture,CUST-0276,198.61
2022-01-13,Technology,CUST-0047,86.2
2023-02-09,Furniture,CUST-0159,2.67
2022-12-13,Furniture,CUST-0124,116.15
2022-04-21,Office Supplies,CUST-0431,308.95
2023-06-23,Technology,CUST-0486,333.78
2022-01-15,Office Supplies,CUST-0266,436.22
2023-06-07,Office Supplies,CUST-0325,286.54
2023-06-10,Furniture,CUST-0072,728.6
2023-07-22,Office Supplies,CUST-0484,246.4
2022-09-30,Furniture,CUST-0326,205.2
2022-11-14,Furniture,CUST-0010,393.06
2023-02-17,Office Supplies,CUST-0044,787.8
2023-02-01,Office Supplies,CUST-0466,123.04
2023-04-09,Technology,CUST-0441,189.51
2023-04-29,Furniture,CUST-0417,202.89
2022-01-27,Office Supplies,CUST-0248,120.74
2023-01-31,Technology,CUST-0263,270.85
2023-10-02,Office Supplies,CUST-0096,90.42
2023-11-24,Office Supplies,CUST-0319,510.34
2023-03-19,Office Supplies,CUST-0308,251.27
2023-08-17,Office Supplies,CUST-0118,166.3
2023-08-05,Technology,CUST-0306,413.15
2022-04-22,Technology,CUST-0347,125.72
2022-07-04,Office Supplies,CUST-0221,234.13
2023-09-14,Office Supplies,CUST-0056,209.15
2023-08-24,Office Supplies,CUST-0131,302.44
2022-05-24,Office Supplies,CUST-0459,268.03
2023-07-21,Furniture,CUST-0156,219.34
2023-10-24,Technology,CUST-0433,655.68
2023-12-24,Office Supplies,CUST-0341,118.55
2022-03-07,Technology,CUST-0416,92.18
2023-11-19,Office Supplies,CUST-0042,183.46
2022-04-20,Technology,CUST-0237,172.82
2022-02-18,Furniture,CUST-0137,27.46
2023-06-03,Technology,CUST-0067,444.15
2022-08-01,Technology,CUST-0101,132.3
2022-12-25,Furniture,CUST-0411,244.79
2023-05-31,Office Supplies,CUST-0176,65.91
2023-12-04,Office Supplies,CUST-0138,145.37
2022-12-16,Furniture,CUST-0405,220.57
2022-11-06,Office Supplies,CUST-0369,121.52
2023-10-09,Office Supplies,CUST-0477,461.85
2023-10-08,Office Supplies,CUST-0133,319.03
2023-04-27,Office Supplies,CUST-0305,111.99
2023-03-20,Furniture,CUST-0057,214.39
2023-07-20,Furniture,CUST-0429,606.83
2022-04-22,Furniture,CUST-0418,323.12
2022-10-06,Technology,CUST-0013,84.49
2022-06-17,Furniture,CUST-0016,444.57
2022-09-10,Furniture,CUST-0409,127.35
2023-05-13,Office Supplies,CUST-0405,374.74
2022-05-12,Office Supplies,CUST-0132,369.4
2022-11-21,Office Supplies,CUST-0023,83.01
2023-08-07,Furniture,CUST-0481,149.22
2022-06-24,Office Supplies,CUST-0476,312.77
2022-06-12,Furniture,CUST-0367,161.78
2022-08-27,Office Supplies,CUST-0006,102.44
2023-03-29,Office Supplies,CUST-0358,299.4
2023-08-17,Technology,CUST-0366,186.62
2022-06-14,Technology,CUST-0399,233.55
2023-11-14,Office Supplies,CUST-0255,102.3
2023-12-22,Office Supplies,CUST-0459,330.61
2023-05-17,Office Supplies,CUST-0490,60.31
2023-07-13,Technology,CUST-0091,92.4
2023-07-10,Furniture,CUST-0357,52.98
2022-02-27,Technology,CUST-0493,108.02
2023-08-10,Office Supplies,CUST-0255,108.47
2022-10-31,Office Supplies,CUST-0467,112.15
2022-09-11,Office Supplies,CUST-0191,87.04
2023-01-10,Furniture,CUST-0106,81.24
2023-01-17,Office Supplies,CUST-0093,466.79
2023-04-13,Office Supplies,CUST-0133,258.54
2022-06-08,Furniture,CUST-0350,242.96
2023-04-19,Office Supplies,CUST-0474,194.3
2023-06-07,Furniture,CUST-0065,456.2
2022-09-29,Office Supplies,CUST-0362,391.64
2022-07-05,Technology,CUST-0464,367.97
2022-06-20,Furniture,CUST-0018,108.75
2022-03-09,Office Supplies,CUST-0040,180.51
2023-08-01,Furniture,CUST-0368,384.17
2022-10-13,Office Supplies,CUST-0318,405.14
2023-09-11,Office Supplies,CUST-0009,527.74
2022-03-02,Office Supplies,CUST-0335,216.34
2023-07-17,Furniture,CUST-0167,372.05
2023-01-10,Furniture,CUST-0193,412.63
2022-12-23,Office Supplies,CUST-0422,38.07
2022-05-01,Technology,CUST-0387,123.84
2023-11-19,Technology,CUST-0379,282.99
2023-07-11,Furniture,CUST-0067,366.44
2023-12-18,Office Supplies,CUST-0424,197.79
2022-07-21,Furniture,CUST-0407,142.04
2022-05-29,Office Supplies,CUST-0035,865.69
2022-12-19,Furniture,CUST-0494,359.21
2022-04-27,Technology,CUST-0175,423.84
2022-02-05,Furniture,CUST-0233,286.31
2023-05-12,Technology,CUST-0429,565.45
2023-04-12,Office Supplies,CUST-0493,31.2
2023-05-22,Furniture,CUST-0021,74.29
2022-03-12,Office Supplies,CUST-0095,166.81
2022-12-03,Furniture,CUST-0398,235.84
2022-08-12,Furniture,CUST-0387,475.8
2022-08-29,Furniture,CUST-0195,419.21
2022-01-03,Technology,CUST-0452,152.66
2023-05-10,Technology,CUST-0373,720.63
2022-05-22,Furniture,CUST-0046,212.09
2022-08-26,Office Supplies,CUST-0061,147.72
2023-10-02,Furniture,CUST-0397,135.23
2022-01-06,Furniture,CUST-0036,232.07
2022-10-12,Office Supplies,CUST-0496,115.25
2023-09-14,Furniture,CUST-0252,132.12
2022-03-01,Office Supplies,CUST-0075,296.47
2023-03-24,Technology,CUST-0390,578.53
2022-11-25,Office Supplies,CUST-0126,129.92
2023-07-04,Furniture,CUST-0172,470.12
2022-07-01,Office Supplies,CUST-0383,210.72
2022-07-18,Technology,CUST-0242,196.88
2022-07-15,Technology,CUST-0467,83.52
2022-09-14,Furniture,CUST-0009,340.89
2023-10-14,Office Supplies,CUST-0399,221.45
2022-09-24,Technology,CUST-0480,297.76
2023-09-21,Office Supplies,CUST-0147,114.18
2022-07-29,Office Supplies,CUST-0103,186.66
2023-03-04,Furniture,CUST-0404,137.28
2022-12-14,Furniture,CUST-0105,143.69
2022-10-28,Office Supplies,CUST-0032,200.28
2023-06-26,Technology,CUST-0316,234.33
2023-11-07,Furniture,CUST-0201,311.24
2023-10-06,Office Supplies,CUST-0217,510.22
2022-08-22,Office Supplies,CUST-0498,248.98
2023-05-19,Technology,CUST-0072,165.27
2022-03-12,Office Supplies,CUST-0067,134.32
2022-08-16,Office Supplies,CUST-0349,352.57
2023-02-07,Technology,CUST-0435,432.14
2022-06-21,Office Supplies,CUST-0449,83.59
2023-12-06,Office Supplies,CUST-0278,608.28
2022-09-26,Technology,CUST-0489,354.86
2023-11-29,Office Supplies,CUST-0106,308.61
2022-03-17,Technology,CUST-0373,145.95
2022-03-12,Technology,CUST-0154,402.11
2022-03-12,Technology,CUST-0079,97.63
2023-09-23,Furniture,CUST-0357,194.42
2022-09-01,Technology,CUST-0103,126.41
2022-03-24,Office Supplies,CUST-0470,96.49
2023-04-06,Office Supplies,CUST-0220,510.61
2023-04-10,Technology,CUST-0102,97.74
2022-11-21,Furniture,CUST-0179,333.81
2022-03-04,Office Supplies,CUST-0304,253.7
2022-11-30,Technology,CUST-0411,392.6
2023-06-24,Technology,CUST-0164,381.65
2023-04-07,Furniture,CUST-0245,170.06
2023-07-23,Furniture,CUST-0144,299.89
2022-02-25,Furniture,CUST-0464,235.66
2022-03-19,Furniture,CUST-0273,97.52
2022-01-15,Office Supplies,CUST-0160,145.82
2023-03-17,Office Supplies,CUST-0227,205.45
2022-12-20,Technology,CUST-0041,108.48
2022-05-08,Technology,CUST-0444,409.93
2023-04-08,Technology,CUST-0473,347.71
2022-12-03,Furniture,CUST-0288,263.12
2022-04-26,Furniture,CUST-0404,98.79
2023-01-21,Office Supplies,CUST-0094,67.02
2022-02-16,Office Supplies,CUST-0362,137.0
2023-03-21,Technology,CUST-0297,80.15
2023-05-08,Technology,CUST-0411,1053.23
2023-09-21,Technology,CUST-0487,90.28
2023-09-18,Furniture,CUST-0427,319.39
2022-06-11,Technology,CUST-0287,283.36
2023-06-15,Office Supplies,CUST-0340,109.05
2023-01-09,Office Supplies,CUST-0416,667.99
2023-07-13,Furniture,CUST-0174,224.63
2023-01-02,Technology,CUST-0380,102.83
2022-01-14,Technology,CUST-0306,41.76
2023-07-02,Furniture,CUST-0496,143.34
2023-09-27,Technology,CUST-0494,213.56
2023-07-14,Technology,CUST-0022,159.9
2023-04-01,Office Supplies,CUST-0418,152.09
2022-02-07,Office Supplies,CUST-0110,200.35
2023-02-14,Technology,CUST-0231,111.11
2023-08-22,Office Supplies,CUST-0406,281.56
2023-09-13,Technology,CUST-0282,342.38
2022-10-13,Technology,CUST-0294,157.07
2022-04-18,Furniture,CUST-0174,543.39
2022-07-19,Office Supplies,CUST-0039,256.9
2022-01-04,Technology,CUST-0077,376.64
2022-06-01,Furniture,CUST-0378,186.43
2022-11-06,Office Supplies,CUST-0401,607.54
2022-11-02,Furniture,CUST-0207,246.85
2022-09-29,Office Supplies,CUST-0269,276.32
2023-03-05,Technology,CUST-0310,244.4
2022-05-12,Technology,CUST-0439,792.04
2022-08-13,Technology,CUST-0336,267.08
2022-01-24,Office Supplies,CUST-0142,160.28
2022-10-03,Technology,CUST-0465,192.68
2022-02-08,Furniture,CUST-0124,271.72
2022-07-10,Office Supplies,CUST-0273,198.23
2023-04-29,Furniture,CUST-0116,162.5
2023-12-03,Technology,CUST-0342,877.09
2022-01-23,Office Supplies,CUST-0067,119.19
2022-08-10,Technology,CUST-0379,764.02
2022-11-18,Furniture,CUST-0018,252.45
2023-04-21,Furniture,CUST-0353,230.16
2022-12-29,Furniture,CUST-0013,233.0
2023-05-04,Office Supplies,CUST-0071,168.85
2022-07-03,Office Supplies,CUST-0356,194.14
2022-03-25,Office Supplies,CUST-0159,76.43
2023-03-14,Technology,CUST-0197,578.12
2023-11-21,Office Supplies,CUST-0281,55.43
2022-10-04,Technology,CUST-0271,98.15
2022-01-28,Office Supplies,CUST-0252,76.83
2023-04-11,Office Supplies,CUST-0048,172.17
2022-06-26,Office Supplies,CUST-0385,410.38
2023-04-02,Office Supplies,CUST-0094,177.22
2023-03-13,Office Supplies,CUST-0455,671.22
2023-09-19,Office Supplies,CUST-0458,73.15
2022-05-15,Technology,CUST-0039,448.99
2022-04-05,Office Supplies,CUST-0013,197.24
2023-01-03,Office Supplies,CUST-0242,162.31
2022-06-30,Technology,CUST-0155,263.08
2023-09-19,Technology,CUST-0299,128.46
2023-03-29,Technology,CUST-0072,90.87
2022-08-19,Technology,CUST-0253,236.93
2022-03-13,Technology,CUST-0222,209.63
2023-04-16,Technology,CUST-0125,275.23
2023-06-19,Furniture,CUST-0357,631.96
2022-04-18,Office Supplies,CUST-0213,268.45
2022-06-24,Office Supplies,CUST-0390,84.79
2023-01-26,Office Supplies,CUST-0413,29.75
2022-04-17,Office Supplies,CUST-0262,73.79
2022-06-04,Technology,CUST-0384,204.59
2023-08-20,Furniture,CUST-0245,68.63
2023-12-16,Furniture,CUST-0081,335.86
2022-01-16,Office Supplies,CUST-0321,176.89
2023-03-18,Furniture,CUST-0155,132.59
2023-04-20,Office Supplies,CUST-0234,469.02
2023-07-24,Office Supplies,CUST-0337,276.09
2023-02-13,Furniture,CUST-0217,99.22
2023-12-19,Furniture,CUST-0267,290.29
2022-09-24,Office Supplies,CUST-0268,417.32
2023-02-05,Office Supplies,CUST-0406,133.35
2022-09-28,Technology,CUST-0280,96.34
2022-11-13,Technology,CUST-0338,52.1
2022-12-17,Technology,CUST-0346,36.11
2023-07-14,Furniture,CUST-0440,111.31
2022-04-18,Furniture,CUST-0033,237.8
2023-08-13,Office Supplies,CUST-0358,55.54
2022-12-25,Furniture,CUST-0193,192.17
2023-04-23,Office Supplies,CUST-0141,41.43
2022-04-21,Furniture,CUST-0281,131.59
2023-11-01,Office Supplies,CUST-0314,44.85
2023-08-29,Office Supplies,CUST-0164,178.84
2022-12-12,Furniture,CUST-0287,369.14
2022-03-09,Furniture,CUST-0468,104.54
2023-02-26,Office Supplies,CUST-0478,182.91
2022-10-18,Technology,CUST-0161,121.15
2023-09-04,Office Supplies,CUST-0124,24.6
2023-09-01,Office Supplies,CUST-0383,215.81
2023-06-10,Furniture,CUST-0388,198.91
2023-01-31,Furniture,CUST-0291,80.56
2023-06-17,Furniture,CUST-0368,364.34
2022-08-01,Technology,CUST-0480,197.14
2022-05-29,Office Supplies,CUST-0500,38.04
2022-06-18,Office Supplies,CUST-0488,459.31
2023-05-19,Office Supplies,CUST-0241,310.64
2022-10-30,Technology,CUST-0487,42.63
2023-09-13,Furniture,CUST-0324,131.33
2022-04-01,Office Supplies,CUST-0359,239.51
2022-08-16,Technology,CUST-0309,296.79
2022-02-12,Technology,CUST-0260,278.02
2022-05-03,Furniture,CUST-0153,461.43
2023-06-22,Office Supplies,CUST-0423,363.35
2023-09-26,Technology,CUST-0096,85.42
2023-04-18,Office Supplies,CUST-0425,140.24
2022-05-26,Office Supplies,CUST-0435,174.25
2023-02-17,Office Supplies,CUST-0493,487.3
2022-05-22,Furniture,CUST-0328,73.71
2023-06-15,Office Supplies,CUST-0050,26.84
2022-10-29,Technology,CUST-0339,172.08
2023-01-09,Furniture,CUST-0283,49.31
2022-05-27,Technology,CUST-0007,104.79
2022-07-05,Technology,CUST-0204,349.66
2023-10-28,Furniture,CUST-0051,252.16
2022-09-13,Technology,CUST-0150,81.25
2022-02-28,Technology,CUST-0324,405.03
2023-07-21,Office Supplies,CUST-0063,117.33
2022-11-07,Technology,CUST-0177,117.03
2023-07-31,Office Supplies,CUST-0009,26.19
2023-11-16,Technology,CUST-0296,235.3
2023-08-26,Technology,CUST-0213,231.43
2023-07-26,Technology,CUST-0143,40.4
2022-01-21,Office Supplies,CUST-0499,97.5
2023-02-25,Technology,CUST-0140,518.76
2023-01-20,Office Supplies,CUST-0255,325.94
2022-01-23,Office Supplies,CUST-0339,167.07
2023-08-22,Office Supplies,CUST-0423,66.59
2023-05-18,Furniture,CUST-0290,207.89
2023-02-28,Technology,CUST-0186,151.2
2023-03-05,Technology,CUST-0500,168.48
2023-06-28,Office Supplies,CUST-0142,434.58
2023-09-02,Office Supplies,CUST-0277,146.99
2022-08-24,Furniture,CUST-0084,35.27
2023-03-04,Technology,CUST-0457,62.8
2023-01-15,Technology,CUST-0478,187.33
2022-06-28,Office Supplies,CUST-0186,310.6
2022-10-13,Office Supplies,CUST-0258,141.92
2023-05-05,Furniture,CUST-0382,62.28
2022-02-12,Office Supplies,CUST-0334,67.67
2022-09-27,Technology,CUST-0413,156.6
2022-02-06,Office Supplies,CUST-0308,285.25
2022-01-28,Technology,CUST-0320,199.34
2022-03-31,Office Supplies,CUST-0208,341.85
2022-09-20,Office Supplies,CUST-0342,48.5
2022-06-23,Office Supplies,CUST-0463,220.16
2023-12-10,Office Supplies,CUST-0244,189.75
2022-06-18,Technology,CUST-0043,298.21
2022-08-09,Office Supplies,CUST-0441,276.83
2022-09-06,Office Supplies,CUST-0357,229.56
2023-12-01,Office Supplies,CUST-0234,385.61
2023-01-13,Furniture,CUST-0245,88.14
2023-09-16,Office Supplies,CUST-0457,60.65
2023-08-21,Furniture,CUST-0240,351.08
2022-03-22,Furniture,CUST-0043,144.11
2022-10-27,Furniture,CUST-0135,559.62
2022-02-28,Office Supplies,CUST-0488,140.01
2022-03-03,Furniture,CUST-0429,583.27
2022-09-13,Technology,CUST-0316,235.09
2023-02-16,Furniture,CUST-0004,174.52
2022-06-27,Furniture,CUST-0017,618.54
2023-05-03,Office Supplies,CUST-0487,462.46
2022-08-18,Furniture,CUST-0345,91.77
2022-03-23,Office Supplies,CUST-0193,117.98
2022-10-03,Technology,CUST-0123,165.0
2022-07-12,Furniture,CUST-0452,241.74
2022-05-24,Technology,CUST-0380,260.02
2023-10-13,Furniture,CUST-0017,141.65
2023-12-03,Office Supplies,CUST-0353,224.57
2022-12-05,Furniture,CUST-0444,43.07
2022-06-18,Office Supplies,CUST-0256,666.74
2023-10-31,Furniture,CUST-0401,56.96
2023-03-13,Furniture,CUST-0019,467.4
2022-04-14,Technology,CUST-0177,84.13
2022-03-22,Office Supplies,CUST-0377,199.93
2022-07-23,Technology,CUST-0176,208.26
2022-05-23,Technology,CUST-0020,120.67
2022-03-05,Office Supplies,CUST-0009,306.76
2023-02-13,Office Supplies,CUST-0174,257.72
2022-06-06,Technology,CUST-0061,166.43
2023-11-11,Furniture,CUST-0245,305.98
2022-11-12,Technology,CUST-0113,77.86
2022-03-11,Office Supplies,CUST-0011,162.82
2023-02-26,Office Supplies,CUST-0308,131.42
2023-05-21,Office Supplies,CUST-0163,291.73
2023-04-28,Furniture,CUST-0117,360.77
2023-09-10,Office Supplies,CUST-0018,90.47
2022-06-03,Office Supplies,CUST-0452,169.12
2022-10-28,Technology,CUST-0117,506.83
2022-09-20,Technology,CUST-0213,238.18
2022-12-26,Office Supplies,CUST-0122,980.6
2023-08-15,Office Supplies,CUST-0306,456.86
2022-10-30,Furniture,CUST-0050,438.57
2022-09-18,Furniture,CUST-0203,196.62
2022-02-05,Technology,CUST-0448,77.91
2022-01-17,Office Supplies,CUST-0210,12.48
2023-03-05,Office Supplies,CUST-0056,120.99
2022-05-15,Furniture,CUST-0010,173.28
2022-03-24,Technology,CUST-0483,110.02
2022-05-28,Office Supplies,CUST-0172,169.29
2022-04-30,Furniture,CUST-0066,89.21
2023-09-02,Technology,CUST-0246,367.45
2022-02-02,Office Supplies,CUST-0330,143.25
2023-12-29,Office Supplies,CUST-0298,155.56
2023-09-20,Office Supplies,CUST-0260,105.81
2022-12-23,Furniture,CUST-0439,9.02
2023-10-16,Technology,CUST-0281,875.89
2023-06-12,Technology,CUST-0030,183.6
2022-11-29,Office Supplies,CUST-0370,159.19
2023-01-06,Furniture,CUST-0468,446.93
2023-06-04,Office Supplies,CUST-0128,56.76
2022-08-08,Technology,CUST-0036,158.55
2022-11-05,Office Supplies,CUST-0459,333.0
2023-06-27,Furniture,CUST-0412,162.06
2022-07-31,Furniture,CUST-0331,155.01
2022-07-13,Office Supplies,CUST-0243,69.25
2023-03-26,Office Supplies,CUST-0062,71.21
2023-11-09,Office Supplies,CUST-0330,141.91
2023-06-18,Office Supplies,CUST-0465,448.42
2022-11-04,Office Supplies,CUST-0334,360.06
2022-11-22,Technology,CUST-0277,153.78
2022-10-23,Technology,CUST-0287,364.92
2023-02-13,Office Supplies,CUST-0261,232.96
2023-09-09,Technology,CUST-0328,136.92
2023-11-08,Furniture,CUST-0134,346.6
2023-02-07,Office Supplies,CUST-0159,226.57
2023-06-06,Office Supplies,CUST-0067,170.95
2023-05-02,Technology,CUST-0247,155.65
2023-06-25,Technology,CUST-0266,222.99
2022-12-07,Furniture,CUST-0324,145.75
2022-02-26,Furniture,CUST-0135,362.3
2022-12-08,Office Supplies,CUST-0172,318.17
2022-06-15,Office Supplies,CUST-0052,125.24
2022-02-10,Office Supplies,CUST-0165,149.67
2022-12-01,Furniture,CUST-0353,425.37
2023-01-17,Office Supplies,CUST-0407,301.25
2022-02-03,Technology,CUST-0351,95.21
2022-09-28,Furniture,CUST-0242,88.23
2022-02-22,Office Supplies,CUST-0358,246.99
2023-03-04,Office Supplies,CUST-0218,46.31
2023-06-11,Office Supplies,CUST-0420,577.94
2023-02-23,Office Supplies,CUST-0174,254.32
2022-02-05,Office Supplies,CUST-0259,33.51
2023-12-17,Furniture,CUST-0302,734.37
2022-11-03,Technology,CUST-0110,297.19
2023-12-19,Furniture,CUST-0408,344.76
2022-01-31,Technology,CUST-0207,616.76
2023-01-05,Office Supplies,CUST-0336,66.8
2022-10-16,Furniture,CUST-0453,63.84
2023-02-04,Technology,CUST-0485,158.8
2022-05-29,Furniture,CUST-0307,156.88
2022-09-02,Technology,CUST-0449,215.03
2023-08-13,Technology,CUST-0342,268.19
2022-01-06,Office Supplies,CUST-0148,308.29
2023-12-31,Technology,CUST-0312,455.37
2023-09-17,Furniture,CUST-0078,123.08
2023-04-25,Furniture,CUST-0105,374.73
2022-05-29,Furniture,CUST-0299,146.56
2023-09-18,Furniture,CUST-0480,259.38
2022-10-28,Technology,CUST-0164,177.58
2022-04-20,Technology,CUST-0352,16.28
2023-12-26,Furniture,CUST-0463,196.65
2022-09-28,Office Supplies,CUST-0183,223.19
2022-09-01,Office Supplies,CUST-0267,255.75
2022-07-20,Furniture,CUST-0403,293.11
2022-01-08,Office Supplies,CUST-0211,67.08
2023-11-01,Technology,CUST-0055,460.92
2022-10-31,Furniture,CUST-0392,569.87
2022-07-17,Office Supplies,CUST-0245,178.82
2022-12-06,Office Supplies,CUST-0261,20.73
2022-03-27,Technology,CUST-0069,207.18
2023-02-16,Office Supplies,CUST-0437,210.85
2022-12-04,Office Supplies,CUST-0437,130.49
2022-06-25,Office Supplies,CUST-0424,359.22
2022-09-16,Furniture,CUST-0306,197.62
2022-02-24,Office Supplies,CUST-0173,85.57
2023-09-06,Furniture,CUST-0111,42.1
2023-06-25,Office Supplies,CUST-0195,97.41
2022-09-24,Office Supplies,CUST-0128,87.62
2023-06-24,Office Supplies,CUST-0476,103.49
2022-09-10,Office Supplies,CUST-0117,59.1
2022-11-01,Technology,CUST-0233,52.95
2022-10-22,Office Supplies,CUST-0158,24.99
2023-08-04,Furniture,CUST-0008,402.09
2023-05-07,Office Supplies,CUST-0414,293.92
2023-08-13,Office Supplies,CUST-0432,250.98
2022-08-27,Technology,CUST-0144,83.65
2022-02-14,Office Supplies,CUST-0291,225.87
2023-06-03,Technology,CUST-0110,277.97
2023-12-02,Technology,CUST-0154,98.4
2022-02-19,Office Supplies,CUST-0342,240.88
2023-10-25,Furniture,CUST-0255,175.09
2023-10-09,Office Supplies,CUST-0065,98.54
2023-05-13,Office Supplies,CUST-0142,153.98
2023-07-15,Furniture,CUST-0191,506.79
2022-01-16,Furniture,CUST-0283,181.46
2023-10-20,Technology,CUST-0308,114.77
2022-08-30,Furniture,CUST-0192,123.85
2022-03-19,Furniture,CUST-0166,28.29
2022-04-22,Technology,CUST-0317,206.03
2022-01-18,Technology,CUST-0155,205.31
2022-03-16,Office Supplies,CUST-0129,446.65
2022-01-30,Technology,CUST-0445,157.08
2023-12-05,Office Supplies,CUST-0091,401.66
2023-03-20,Furniture,CUST-0475,221.92
2022-09-04,Office Supplies,CUST-0132,237.71
2023-01-22,Furniture,CUST-0431,218.97
2022-08-29,Technology,CUST-0050,95.47
2022-10-25,Office Supplies,CUST-0220,185.09
2022-10-12,Technology,CUST-0082,357.29
2022-09-30,Office Supplies,CUST-0278,71.64
2022-08-16,Office Supplies,CUST-0254,391.71
2023-05-26,Office Supplies,CUST-0309,282.61
2022-05-30,Office Supplies,CUST-0215,79.59
2022-05-11,Furniture,CUST-0381,68.92
2023-06-14,Technology,CUST-0411,224.03
2022-02-06,Office Supplies,CUST-0231,232.32
2023-03-22,Technology,CUST-0230,972.29
2023-03-01,Office Supplies,CUST-0109,281.66
2023-01-13,Furniture,CUST-0259,168.63
2023-06-06,Furniture,CUST-0059,468.68
2023-12-02,Office Supplies,CUST-0324,218.42
2023-12-03,Furniture,CUST-0084,156.79
2022-09-03,Technology,CUST-0319,241.6
2023-02-08,Technology,CUST-0064,269.21
2023-08-02,Office Supplies,CUST-0344,29.54
2022-12-31,Office Supplies,CUST-0248,272.82
2023-09-05,Office Supplies,CUST-0398,71.16
2023-06-24,Office Supplies,CUST-0226,72.01
2023-12-05,Office Supplies,CUST-0137,231.01
2022-04-05,Furniture,CUST-0471,350.78
2022-07-22,Furniture,CUST-0451,58.19
2022-06-18,Office Supplies,CUST-0205,136.16
2022-06-05,Office Supplies,CUST-0465,52.7
2022-08-08,Furniture,CUST-0117,66.05
2022-11-04,Furniture,CUST-0222,245.61
2023-05-21,Technology,CUST-0151,147.04
2022-11-03,Office Supplies,CUST-0078,90.45
2023-06-17,Office Supplies,CUST-0363,226.27
2023-12-27,Technology,CUST-0174,375.62
2023-11-26,Office Supplies,CUST-0166,67.53
2023-08-06,Furniture,CUST-0375,147.73
2022-08-16,Technology,CUST-0016,543.71
2023-11-27,Office Supplies,CUST-0432,272.48
2023-11-15,Furniture,CUST-0070,413.8
2023-02-27,Office Supplies,CUST-0216,153.95
2022-10-08,Furniture,CUST-0458,189.48
2022-07-27,Furniture,CUST-0196,101.67
2023-01-04,Office Supplies,CUST-0183,358.86
2023-07-21,Office Supplies,CUST-0037,307.71
2023-09-21,Office Supplies,CUST-0352,160.28
2023-01-09,Furniture,CUST-0299,427.9
2023-05-07,Furniture,CUST-0047,97.57
2022-09-05,Office Supplies,CUST-0252,382.92
2023-02-17,Technology,CUST-0052,193.15
2022-03-31,Technology,CUST-0351,24.75
2022-08-30,Office Supplies,CUST-0052,366.45
2023-02-28,Office Supplies,CUST-0365,145.03
2022-09-28,Furniture,CUST-0116,99.5
2022-01-30,Furniture,CUST-0183,371.74
2022-04-21,Technology,CUST-0107,219.4
2022-03-14,Office Supplies,CUST-0086,161.58
2022-05-29,Technology,CUST-0476,106.45
2022-03-27,Technology,CUST-0320,114.93
2023-02-19,Furniture,CUST-0161,163.43
2023-07-12,Furniture,CUST-0471,180.38
2023-11-07,Office Supplies,CUST-0016,311.84
2023-01-16,Technology,CUST-0294,258.63
2022-02-01,Technology,CUST-0296,584.46
2023-09-15,Office Supplies,CUST-0074,134.94
2022-04-24,Technology,CUST-0330,202.95
2023-08-28,Technology,CUST-0050,11.05
2023-08-16,Technology,CUST-0373,138.25
2022-11-10,Technology,CUST-0301,444.11
2023-09-06,Office Supplies,CUST-0052,48.84
2022-07-06,Office Supplies,CUST-0354,31.33
2023-09-29,Furniture,CUST-0474,314.58
2022-12-24,Furniture,CUST-0025,103.27
2023-12-03,Office Supplies,CUST-0313,126.95
2023-06-16,Furniture,CUST-0359,96.99
2022-01-19,Technology,CUST-0491,208.08
2023-03-31,Furniture,CUST-0255,281.67
2023-09-02,Office Supplies,CUST-0132,412.88
2022-06-11,Office Supplies,CUST-0185,249.12
2023-01-12,Furniture,CUST-0482,555.82
2023-05-21,Technology,CUST-0323,217.39
2022-06-29,Office Supplies,CUST-0447,287.06
2023-10-03,Furniture,CUST-0162,135.44
2022-06-30,Office Supplies,CUST-0274,624.3
2023-02-17,Technology,CUST-0333,140.02
2023-12-24,Office Supplies,CUST-0422,213.8
2023-01-23,Technology,CUST-0353,80.98
2023-12-06,Technology,CUST-0310,676.64
2022-06-20,Furniture,CUST-0359,214.66
2022-05-25,Technology,CUST-0155,103.87
2023-10-12,Furniture,CUST-0372,108.94
2023-02-14,Office Supplies,CUST-0023,294.73
2023-08-27,Technology,CUST-0229,32.09
2022-06-25,Office Supplies,CUST-0364,434.69
2022-10-02,Furniture,CUST-0195,163.14
2023-06-07,Office Supplies,CUST-0474,79.77
2022-04-03,Technology,CUST-0063,84.79
2022-10-12,Technology,CUST-0419,133.79
2023-02-28,Office Supplies,CUST-0159,117.04
2022-04-10,Furniture,CUST-0308,101.52
2023-08-20,Technology,CUST-0303,672.42
2023-03-31,Furniture,CUST-0022,191.22
2023-09-10,Technology,CUST-0330,123.66
2023-10-28,Technology,CUST-0197,170.83
2022-03-15,Office Supplies,CUST-0102,221.77
2023-09-25,Technology,CUST-0296,153.79
2023-09-25,Technology,CUST-0479,213.82
2023-01-02,Technology,CUST-0378,216.45
2022-09-27,Office Supplies,CUST-0070,223.04
2022-03-30,Technology,CUST-0217,172.81
2022-06-01,Office Supplies,CUST-0216,649.22
2023-09-02,Technology,CUST-0090,195.51
2022-10-06,Technology,CUST-0385,222.37
2022-05-08,Office Supplies,CUST-0209,261.6
2023-10-09,Furniture,CUST-0009,111.08
2022-10-16,Technology,CUST-0321,20.35
2023-04-08,Office Supplies,CUST-0153,455.27
2022-05-29,Furniture,CUST-0131,993.15
2023-04-04,Furniture,CUST-0266,92.96
2023-09-29,Office Supplies,CUST-0295,91.69
2022-07-23,Technology,CUST-0075,340.14
2022-10-31,Office Supplies,CUST-0274,257.03
2022-01-25,Furniture,CUST-0222,260.73
2023-05-26,Furniture,CUST-0440,246.62
2022-08-05,Office Supplies,CUST-0408,415.15
2023-09-30,Office Supplies,CUST-0325,145.54
2023-01-01,Technology,CUST-0332,492.15
2023-04-26,Furniture,CUST-0126,63.96
2023-09-21,Furniture,CUST-0304,91.12
2023-10-18,Furniture,CUST-0053,248.76
2022-11-04,Technology,CUST-0287,246.63
2022-12-13,Furniture,CUST-0155,83.53
2023-08-23,Office Supplies,CUST-0108,119.34
2022-06-26,Office Supplies,CUST-0049,159.44
2023-10-06,Technology,CUST-0145,116.67
2022-07-17,Furniture,CUST-0084,32.56
2022-03-13,Furniture,CUST-0283,163.56
2022-12-07,Office Supplies,CUST-0471,99.88
2022-01-04,Furniture,CUST-0395,126.01
2023-06-09,Office Supplies,CUST-0263,264.63
2023-09-22,Technology,CUST-0451,175.31
2023-02-03,Furniture,CUST-0168,181.44
2023-08-04,Technology,CUST-0077,338.63
2023-02-10,Technology,CUST-0154,143.55
2023-02-11,Technology,CUST-0130,285.32
2023-07-06,Technology,CUST-0016,111.56
2023-04-25,Office Supplies,CUST-0342,185.75
2022-06-08,Technology,CUST-0472,245.11
2023-03-08,Furniture,CUST-0012,561.53
2022-04-06,Furniture,CUST-0135,46.46
2022-07-25,Technology,CUST-0416,475.24
2022-12-03,Technology,CUST-0249,147.3
2023-12-03,Technology,CUST-0457,162.78
2023-03-20,Office Supplies,CUST-0282,207.35
2023-02-23,Office Supplies,CUST-0073,156.75
2023-01-04,Office Supplies,CUST-0268,470.74
2023-09-19,Furniture,CUST-0265,20.87
2022-09-25,Technology,CUST-0318,142.01
2023-05-05,Office Supplies,CUST-0273,206.58
2023-06-20,Furniture,CUST-0092,405.67
2022-02-14,Furniture,CUST-0262,691.15
2022-08-22,Technology,CUST-0338,146.28
2022-02-05,Furniture,CUST-0352,373.86
2022-07-07,Furniture,CUST-0142,115.98
2022-10-19,Technology,CUST-0499,389.76
2022-09-14,Technology,CUST-0054,85.27
2023-09-25,Furniture,CUST-0330,378.57
2022-08-07,Office Supplies,CUST-0302,108.28
2022-07-09,Furniture,CUST-0103,458.39
2022-04-09,Furniture,CUST-0363,802.06
2023-06-06,Furniture,CUST-0225,106.5
2022-05-03,Technology,CUST-0394,280.91
2023-01-29,Office Supplies,CUST-0058,455.94
2023-03-25,Office Supplies,CUST-0345,147.22
2023-06-17,Technology,CUST-0111,125.06
2022-10-10,Furniture,CUST-0284,74.84
2022-05-11,Furniture,CUST-0302,151.99
2023-06-09,Office Supplies,CUST-0246,256.5
2022-02-07,Furniture,CUST-0319,560.72
2023-07-14,Technology,CUST-0059,175.98
2023-07-21,Technology,CUST-0383,209.98
2023-05-25,Office Supplies,CUST-0437,107.35
2022-01-29,Office Supplies,CUST-0119,178.08
2023-10-25,Technology,CUST-0185,35.72
2022-06-14,Furniture,CUST-0128,350.33
2023-10-10,Office Supplies,CUST-0237,261.57
2022-09-04,Technology,CUST-0137,130.95
2022-11-03,Furniture,CUST-0031,336.02
2023-07-22,Office Supplies,CUST-0061,50.96
2022-05-02,Office Supplies,CUST-0001,24.15
2022-12-04,Furniture,CUST-0184,303.63
2023-01-18,Office Supplies,CUST-0316,215.8
2023-04-18,Furniture,CUST-0373,97.45
2022-12-15,Furniture,CUST-0324,252.87
2022-10-19,Furniture,CUST-0484,235.19
2022-12-02,Technology,CUST-0004,204.61
2023-02-27,Furniture,CUST-0232,410.01
2022-07-14,Technology,CUST-0103,74.7
2023-05-31,Office Supplies,CUST-0428,445.14
2022-07-28,Office Supplies,CUST-0074,569.57
2023-07-31,Furniture,CUST-0402,141.11
2023-04-01,Office Supplies,CUST-0026,81.42
2023-11-04,Technology,CUST-0457,454.65
2023-12-28,Office Supplies,CUST-0386,36.91
2022-07-21,Technology,CUST-0158,114.38
2022-04-09,Technology,CUST-0202,226.44
2023-08-02,Technology,CUST-0015,195.38
2023-10-21,Technology,CUST-0453,219.82
2023-01-14,Office Supplies,CUST-0428,311.2
2022-03-25,Office Supplies,CUST-0352,296.35
2022-04-16,Technology,CUST-0302,99.03
2022-12-23,Office Supplies,CUST-0389,59.69
2023-04-08,Technology,CUST-0264,152.98
2023-05-29,Furniture,CUST-0343,307.03
2023-10-02,Technology,CUST-0254,119.25
2022-12-09,Furniture,CUST-0175,104.8
2022-08-14,Technology,CUST-0031,157.09
2022-01-24,Office Supplies,CUST-0211,231.52
2022-12-23,Furniture,CUST-0457,125.45
2022-05-19,Technology,CUST-0182,306.7
2022-01-02,Technology,CUST-0288,209.66
2023-05-27,Office Supplies,CUST-0222,41.94
2022-09-22,Office Supplies,CUST-0015,140.15
2022-04-15,Office Supplies,CUST-0319,38.17
2023-04-19,Furniture,CUST-0419,58.17
2023-05-10,Office Supplies,CUST-0490,165.78
2023-07-15,Furniture,CUST-0321,144.3
2023-10-22,Office Supplies,CUST-0065,268.59
2023-04-05,Furniture,CUST-0192,226.81
2022-08-27,Technology,CUST-0453,43.29
2023-07-01,Office Supplies,CUST-0315,233.29
2022-02-05,Furniture,CUST-0403,356.44
2022-03-04,Office Supplies,CUST-0497,256.57
2022-10-26,Technology,CUST-0097,121.72
2022-04-19,Technology,CUST-0024,461.53
2022-11-11,Office Supplies,CUST-0010,812.02
2022-09-24,Office Supplies,CUST-0455,80.32
2022-05-28,Office Supplies,CUST-0217,20.11
2022-03-07,Furniture,CUST-0388,169.9
2022-07-28,Office Supplies,CUST-0297,200.54
2023-09-23,Office Supplies,CUST-0020,167.79
2023-02-26,Furniture,CUST-0189,248.36
2023-09-01,Office Supplies,CUST-0242,508.4
2023-08-28,Furniture,CUST-0133,299.84
2023-03-31,Furniture,CUST-0374,438.97
2022-11-28,Office Supplies,CUST-0153,118.11
2023-07-07,Office Supplies,CUST-0132,120.46
2022-05-03,Office Supplies,CUST-0192,510.0
2023-02-06,Furniture,CUST-0292,168.31
2023-01-11,Office Supplies,CUST-0066,306.39
2023-07-22,Furniture,CUST-0306,301.81
2022-06-02,Office Supplies,CUST-0444,634.55
2022-07-23,Furniture,CUST-0447,215.65
2023-06-12,Technology,CUST-0495,38.09
2023-03-02,Office Supplies,CUST-0158,169.27
2022-06-30,Office Supplies,CUST-0139,9.04
2022-01-04,Technology,CUST-0317,274.35
2023-11-15,Furniture,CUST-0350,396.87
2023-06-26,Furniture,CUST-0196,181.54
2023-11-01,Furniture,CUST-0085,256.53
2023-11-16,Furniture,CUST-0084,253.81
2022-12-16,Office Supplies,CUST-0269,340.81
2023-06-21,Office Supplies,CUST-0223,193.44
2022-04-25,Furniture,CUST-0468,433.38
2023-07-20,Office Supplies,CUST-0421,365.49
2023-07-04,Furniture,CUST-0437,252.08
2023-10-30,Office Supplies,CUST-0286,172.4
2023-12-19,Office Supplies,CUST-0443,215.16
2023-08-07,Furniture,CUST-0095,143.14
2023-05-19,Office Supplies,CUST-0053,76.83
2022-05-17,Office Supplies,CUST-0224,130.3
2023-06-10,Technology,CUST-0408,305.26
2023-08-07,Office Supplies,CUST-0159,61.21
2022-02-26,Furniture,CUST-0486,25.99
2023-01-11,Office Supplies,CUST-0115,9.33
2022-02-11,Office Supplies,CUST-0307,21.08
2023-09-01,Technology,CUST-0278,154.61
2023-06-04,Technology,CUST-0138,295.99
2022-09-03,Technology,CUST-0021,267.06
2022-09-22,Technology,CUST-0227,78.72
2023-07-02,Furniture,CUST-0073,879.02
2023-12-24,Office Supplies,CUST-0363,129.54
2022-03-25,Office Supplies,CUST-0236,149.11
2022-08-04,Office Supplies,CUST-0169,147.83
2023-07-08,Office Supplies,CUST-0392,346.79
2023-03-24,Technology,CUST-0410,73.6
2022-11-09,Furniture,CUST-0437,30.63
2023-11-22,Technology,CUST-0223,145.88
2022-11-04,Office Supplies,CUST-0451,577.55
2022-05-30,Office Supplies,CUST-0189,399.43
2022-01-29,Office Supplies,CUST-0337,286.15
2023-03-17,Furniture,CUST-0254,55.73
2023-07-01,Furniture,CUST-0110,139.4
2023-02-03,Furniture,CUST-0239,153.47
2022-02-01,Office Supplies,CUST-0155,108.44
2022-09-06,Office Supplies,CUST-0228,626.71
2023-12-25,Office Supplies,CUST-0220,194.38
2022-05-16,Furniture,CUST-0254,71.05
2022-02-12,Furniture,CUST-0232,221.01
2022-10-30,Furniture,CUST-0202,127.82
2022-08-09,Furniture,CUST-0081,95.25
2023-07-07,Furniture,CUST-0492,208.01
2023-03-17,Office Supplies,CUST-0117,279.59
2022-11-18,Furniture,CUST-0024,275.0
2022-04-15,Furniture,CUST-0060,570.84
2023-12-10,Technology,CUST-0344,285.02
2023-05-09,Office Supplies,CUST-0058,334.91
2023-11-17,Office Supplies,CUST-0452,18.11
2023-08-30,Technology,CUST-0353,395.39
2023-09-26,Office Supplies,CUST-0226,279.91
2022-06-14,Office Supplies,CUST-0309,132.17
2022-05-15,Furniture,CUST-0226,255.33
2022-01-22,Office Supplies,CUST-0363,456.21
2023-03-10,Furniture,CUST-0325,60.93
2022-09-03,Technology,CUST-0276,286.38
2022-01-21,Office Supplies,CUST-0017,19.1
2022-02-18,Furniture,CUST-0118,112.75
2023-10-03,Furniture,CUST-0027,110.34
2023-06-13,Office Supplies,CUST-0101,650.11
2022-08-03,Office Supplies,CUST-0029,168.56
2023-09-08,Office Supplies,CUST-0343,21.73
2023-12-02,Furniture,CUST-0292,64.55
2022-08-12,Office Supplies,CUST-0145,131.79
2023-07-07,Technology,CUST-0494,94.59
2023-09-13,Furniture,CUST-0365,160.53
2023-07-10,Office Supplies,CUST-0156,173.58
2023-07-26,Office Supplies,CUST-0049,340.78
2023-08-08,Technology,CUST-0179,145.06
2022-01-30,Furniture,CUST-0495,99.07
2023-01-25,Furniture,CUST-0271,262.79
2023-04-23,Office Supplies,CUST-0146,247.15
2023-09-19,Furniture,CUST-0344,184.6
2022-10-04,Technology,CUST-0021,618.58
2022-03-14,Office Supplies,CUST-0161,376.69
2022-10-27,Office Supplies,CUST-0373,536.66
2023-05-13,Furniture,CUST-0328,428.09
2023-12-30,Technology,CUST-0201,60.22
2022-01-19,Furniture,CUST-0497,74.75
2022-11-07,Technology,CUST-0112,96.41
2023-01-15,Office Supplies,CUST-0436,161.58
2023-06-11,Furniture,CUST-0463,296.68
2023-08-25,Technology,CUST-0470,157.7
2023-01-03,Technology,CUST-0138,510.29
2022-08-07,Office Supplies,CUST-0147,129.3
2023-10-08,Office Supplies,CUST-0303,489.01
2022-03-03,Office Supplies,CUST-0308,380.31
2023-12-29,Office Supplies,CUST-0347,327.32
2022-04-29,Office Supplies,CUST-0178,28.04
2022-12-08,Office Supplies,CUST-0389,81.75
2022-04-12,Furniture,CUST-0236,82.81
2022-11-05,Office Supplies,CUST-0493,439.3
2022-08-29,Office Supplies,CUST-0090,172.7
2023-11-20,Technology,CUST-0308,594.67
2022-10-20,Furniture,CUST-0302,242.46
2023-05-02,Furniture,CUST-0257,77.92
2023-04-22,Technology,CUST-0220,503.63
2022-09-17,Furniture,CUST-0286,361.16
2023-12-24,Office Supplies,CUST-0310,437.62
2023-02-11,Technology,CUST-0441,172.61
2022-06-29,Furniture,CUST-0202,464.09
2022-02-02,Office Supplies,CUST-0034,226.35
2022-09-17,Technology,CUST-0314,243.75
2023-05-31,Office Supplies,CUST-0236,59.75
2023-09-25,Technology,CUST-0231,421.51
2022-11-26,Technology,CUST-0359,295.94
2023-07-10,Furniture,CUST-0378,674.93
2023-07-21,Office Supplies,CUST-0129,26.86
2023-03-31,Office Supplies,CUST-0112,166.43
2022-05-26,Office Supplies,CUST-0033,738.67
2022-08-20,Office Supplies,CUST-0447,264.45
2022-05-08,Office Supplies,CUST-0026,148.3
2023-05-03,Technology,CUST-0438,150.56
2022-03-01,Furniture,CUST-0292,83.64
2022-07-10,Furniture,CUST-0152,190.39
2022-05-14,Office Supplies,CUST-0028,235.34
2023-02-09,Office Supplies,CUST-0241,229.59
2022-10-30,Technology,CUST-0362,57.68
2022-11-04,Office Supplies,CUST-0250,190.51
2022-06-25,Technology,CUST-0398,59.72
2023-08-28,Technology,CUST-0390,61.46
2022-07-24,Technology,CUST-0355,143.69
2022-01-02,Furniture,CUST-0168,88.89
2023-03-13,Technology,CUST-0032,26.41
2022-05-09,Office Supplies,CUST-0035,113.59
2022-05-18,Office Supplies,CUST-0201,163.57
2023-10-12,Technology,CUST-0099,300.27
2022-08-19,Furniture,CUST-0207,243.51
2022-05-20,Furniture,CUST-0254,435.64
2023-08-04,Office Supplies,CUST-0246,25.84
2023-01-19,Furniture,CUST-0328,102.43
2023-04-27,Technology,CUST-0377,167.31
2023-08-23,Furniture,CUST-0324,122.4
2023-05-13,Office Supplies,CUST-0390,32.14
2022-02-21,Office Supplies,CUST-0441,829.28
2022-09-02,Technology,CUST-0367,386.2
2022-10-14,Furniture,CUST-0106,253.51
2022-04-25,Technology,CUST-0057,666.47
2022-05-13,Office Supplies,CUST-0183,160.79
2023-06-18,Office Supplies,CUST-0424,27.68
2023-06-01,Technology,CUST-0086,53.54
2022-07-22,Office Supplies,CUST-0448,447.68
2022-09-01,Technology,CUST-0465,146.4
2022-10-20,Office Supplies,CUST-0381,283.73
2022-10-02,Office Supplies,CUST-0158,333.73
2023-06-23,Furniture,CUST-0041,244.38
2022-05-18,Furniture,CUST-0162,119.72
2023-02-05,Office Supplies,CUST-0085,122.11
2022-05-18,Technology,CUST-0201,45.04
2022-07-14,Furniture,CUST-0402,150.63
2022-05-14,Office Supplies,CUST-0298,285.28
2023-02-17,Office Supplies,CUST-0076,232.15
2023-04-02,Office Supplies,CUST-0302,279.22
2022-05-03,Office Supplies,CUST-0125,100.56
2023-08-16,Furniture,CUST-0391,140.52
2023-01-02,Technology,CUST-0310,588.73
2023-05-18,Office Supplies,CUST-0440,58.69
2022-01-31,Furniture,CUST-0099,148.7
2022-09-23,Technology,CUST-0286,88.14
2022-03-04,Technology,CUST-0279,225.35
2023-09-25,Office Supplies,CUST-0389,323.03
2022-12-31,Technology,CUST-0304,208.03
2023-02-22,Office Supplies,CUST-0232,147.12
2023-01-10,Furniture,CUST-0314,324.35
2023-09-24,Office Supplies,CUST-0021,241.41
2022-06-02,Furniture,CUST-0086,156.45
2023-05-31,Furniture,CUST-0221,275.98
2022-08-01,Office Supplies,CUST-0128,131.88
2022-12-12,Furniture,CUST-0386,254.31
2023-03-17,Technology,CUST-0368,69.74
2023-12-31,Office Supplies,CUST-0228,388.18
2023-02-26,Office Supplies,CUST-0041,403.25
2022-10-28,Office Supplies,CUST-0488,281.08
2023-12-06,Office Supplies,CUST-0122,166.51
2022-08-18,Furniture,CUST-0265,287.64
2022-12-26,Office Supplies,CUST-0019,87.88
2022-06-07,Office Supplies,CUST-0347,117.54
2022-11-04,Furniture,CUST-0271,78.33
2023-06-24,Technology,CUST-0212,93.39
2022-11-29,Office Supplies,CUST-0368,260.17
2023-03-18,Furniture,CUST-0383,267.27
2022-06-26,Office Supplies,CUST-0015,131.84
2023-02-25,Office Supplies,CUST-0290,283.81
2022-11-26,Office Supplies,CUST-0428,373.44
2023-03-02,Office Supplies,CUST-0245,152.4
2022-12-17,Office Supplies,CUST-0358,329.54
2023-01-28,Office Supplies,CUST-0050,213.62
2023-03-01,Furniture,CUST-0335,340.26
2022-09-07,Office Supplies,CUST-0098,45.59
2022-02-08,Technology,CUST-0179,99.24
2023-11-12,Technology,CUST-0175,188.23
2022-03-07,Furniture,CUST-0059,248.04
2022-08-06,Furniture,CUST-0441,260.9
2023-08-24,Technology,CUST-0136,279.68
2023-02-18,Technology,CUST-0173,499.91
2022-07-17,Furniture,CUST-0136,112.05
2022-12-07,Technology,CUST-0143,141.6
2022-01-28,Furniture,CUST-0491,277.73
2022-07-26,Furniture,CUST-0070,476.52
2022-01-17,Furniture,CUST-0140,108.52
2023-12-30,Office Supplies,CUST-0174,44.42
2022-04-27,Furniture,CUST-0164,45.79
2022-03-08,Technology,CUST-0095,220.09
2022-09-12,Furniture,CUST-0403,173.17
2022-11-25,Technology,CUST-0229,468.48
2023-08-24,Office Supplies,CUST-0134,420.48
2023-06-17,Technology,CUST-0195,323.38
2022-11-20,Office Supplies,CUST-0110,67.34
2022-09-11,Technology,CUST-0118,79.68
2022-04-01,Technology,CUST-0405,119.63
2022-08-05,Office Supplies,CUST-0098,226.76
2023-02-07,Furniture,CUST-0019,274.0
2023-10-15,Office Supplies,CUST-0089,41.66
2023-01-24,Technology,CUST-0107,95.09
2022-08-02,Furniture,CUST-0121,236.21
2022-06-29,Office Supplies,CUST-0087,303.91
2022-02-15,Furniture,CUST-0056,256.71
2023-10-24,Technology,CUST-0311,116.39
2022-11-12,Technology,CUST-0156,186.04
2023-04-07,Office Supplies,CUST-0154,142.02
2023-09-23,Office Supplies,CUST-0466,104.31
2022-09-29,Furniture,CUST-0283,97.48
2023-10-18,Office Supplies,CUST-0123,93.84
2022-12-24,Office Supplies,CUST-0408,232.51
2023-09-14,Furniture,CUST-0338,189.26
2022-10-24,Furniture,CUST-0459,238.87
2022-06-21,Technology,CUST-0396,13.62
2022-05-12,Office Supplies,CUST-0010,72.73
2022-10-21,Office Supplies,CUST-0392,82.97
2022-05-23,Technology,CUST-0277,142.67
2022-02-14,Technology,CUST-0434,48.68
2023-04-21,Office Supplies,CUST-0289,173.15
2023-03-14,Furniture,CUST-0433,86.74
2023-09-04,Office Supplies,CUST-0327,317.5
2022-02-09,Technology,CUST-0431,416.96
2022-09-22,Furniture,CUST-0021,808.12
2023-12-31,Furniture,CUST-0139,472.46
2022-03-11,Office Supplies,CUST-0235,67.36
2022-12-02,Office Supplies,CUST-0049,138.77
2022-01-28,Furniture,CUST-0165,266.7
2023-10-31,Office Supplies,CUST-0279,211.83
2023-06-03,Furniture,CUST-0109,1035.12
2023-05-24,Technology,CUST-0053,493.37
2023-01-26,Technology,CUST-0334,385.5
2023-10-28,Office Supplies,CUST-0081,232.19
2023-10-07,Furniture,CUST-0378,232.77
2023-09-16,Furniture,CUST-0154,176.76
2023-07-13,Furniture,CUST-0106,423.99
2023-11-02,Technology,CUST-0177,72.53
2023-12-10,Technology,CUST-0395,40.58
2023-10-25,Technology,CUST-0130,263.36
2022-09-29,Furniture,CUST-0303,147.72
2022-12-24,Office Supplies,CUST-0251,246.75
2022-05-26,Technology,CUST-0352,578.52
2023-03-14,Furniture,CUST-0213,165.74
2023-02-19,Furniture,CUST-0430,126.42
2023-07-27,Office Supplies,CUST-0190,121.31
2022-06-19,Furniture,CUST-0196,164.74
2023-03-03,Furniture,CUST-0317,77.47
2022-09-26,Office Supplies,CUST-0224,54.4
2023-02-01,Technology,CUST-0352,501.59
2022-04-08,Furniture,CUST-0499,104.01
2022-07-07,Technology,CUST-0400,423.21
2022-05-05,Technology,CUST-0309,192.34
2022-10-23,Furniture,CUST-0460,525.61
2023-06-09,Office Supplies,CUST-0178,326.79
2023-12-18,Office Supplies,CUST-0032,310.11
2022-09-30,Office Supplies,CUST-0483,110.02
2023-03-06,Furniture,CUST-0033,98.55
2022-03-30,Furniture,CUST-0385,62.48
2023-01-09,Technology,CUST-0450,281.86
2023-06-21,Furniture,CUST-0255,512.48
2022-11-30,Office Supplies,CUST-0368,181.01
2023-07-08,Furniture,CUST-0176,255.73
2022-10-11,Furniture,CUST-0179,65.07
2023-02-18,Office Supplies,CUST-0420,188.67
2023-03-26,Office Supplies,CUST-0366,258.09
2023-02-16,Office Supplies,CUST-0254,211.37
2022-02-15,Office Supplies,CUST-0298,489.64
2022-10-10,Technology,CUST-0467,160.07
2022-07-16,Office Supplies,CUST-0469,189.18
2023-03-11,Furniture,CUST-0327,119.58
2023-05-22,Furniture,CUST-0404,306.62
2023-06-30,Office Supplies,CUST-0475,304.15
2022-01-10,Technology,CUST-0247,333.89
2022-08-09,Technology,CUST-0058,332.06
2022-02-07,Office Supplies,CUST-0109,29.34
2022-01-01,Technology,CUST-0235,259.2
2023-07-10,Office Supplies,CUST-0415,221.4
2022-01-05,Technology,CUST-0112,315.44
2023-01-04,Office Supplies,CUST-0025,79.42
2022-12-20,Technology,CUST-0003,84.37
2023-07-13,Furniture,CUST-0221,240.99
2023-12-10,Technology,CUST-0221,250.11
2023-02-28,Furniture,CUST-0065,384.84
2023-08-04,Technology,CUST-0401,231.78
2022-08-01,Technology,CUST-0159,121.3
2023-03-13,Furniture,CUST-0293,141.42
2023-11-02,Office Supplies,CUST-0122,68.75
2023-11-12,Office Supplies,CUST-0371,308.56
2022-03-30,Furniture,CUST-0082,109.49
2023-05-28,Furniture,CUST-0197,344.88
2023-10-15,Furniture,CUST-0456,74.98
2022-10-14,Technology,CUST-0060,127.27
2022-05-07,Technology,CUST-0417,231.17
2023-08-24,Office Supplies,CUST-0279,255.77
2022-10-03,Technology,CUST-0104,54.36
2023-02-03,Technology,CUST-0091,747.23
2023-04-11,Furniture,CUST-0379,454.45
2023-01-06,Furniture,CUST-0214,99.12
2023-07-27,Furniture,CUST-0095,92.47
2022-05-15,Furniture,CUST-0047,82.93
2023-01-20,Furniture,CUST-0259,158.33
2023-08-03,Technology,CUST-0090,176.54
2022-09-21,Technology,CUST-0118,32.6
2022-10-23,Technology,CUST-0462,203.34
2022-03-28,Office Supplies,CUST-0377,219.06
2022-10-24,Furniture,CUST-0137,235.6
2023-06-07,Furniture,CUST-0216,640.88
2022-05-13,Office Supplies,CUST-0243,125.99
2023-07-27,Office Supplies,CUST-0430,173.62
2022-06-19,Furniture,CUST-0057,92.16
2022-12-24,Office Supplies,CUST-0325,320.35
2023-10-27,Office Supplies,CUST-0153,514.45
2023-05-20,Office Supplies,CUST-0301,428.27
2023-10-09,Furniture,CUST-0133,54.5
2023-07-16,Technology,CUST-0378,565.84
2023-08-23,Furniture,CUST-0311,121.01
2022-05-10,Office Supplies,CUST-0472,311.53
2023-09-15,Office Supplies,CUST-0137,149.93
2023-07-31,Technology,CUST-0431,102.55
2023-08-25,Furniture,CUST-0230,94.95
2023-08-27,Technology,CUST-0465,390.11
2023-01-03,Furniture,CUST-0046,285.43
2023-03-25,Office Supplies,CUST-0386,597.2
2022-08-28,Technology,CUST-0460,398.98
2023-01-22,Office Supplies,CUST-0147,110.37
2023-01-15,Office Supplies,CUST-0149,229.26
2022-12-05,Technology,CUST-0330,55.74
2022-03-02,Furniture,CUST-0033,68.33
2023-05-10,Furniture,CUST-0420,525.3
2023-12-31,Office Supplies,CUST-0271,60.2
2022-07-25,Office Supplies,CUST-0328,376.91
2022-12-02,Furniture,CUST-0038,319.72
2023-01-25,Office Supplies,CUST-0475,630.42
2023-05-25,Office Supplies,CUST-0427,106.24
2022-07-30,Technology,CUST-0408,140.19
2022-08-03,Technology,CUST-0447,252.15
2022-11-15,Furniture,CUST-0063,253.52
2022-10-04,Technology,CUST-0145,157.21
2022-11-09,Technology,CUST-0176,331.16
2022-02-25,Technology,CUST-0420,210.4
2022-09-20,Furniture,CUST-0308,69.86
2023-07-06,Technology,CUST-0286,569.03
2023-04-17,Technology,CUST-0365,161.2
2023-08-31,Office Supplies,CUST-0177,154.75
2022-07-23,Furniture,CUST-0462,240.75
2023-06-13,Office Supplies,CUST-0278,43.06
2022-12-12,Office Supplies,CUST-0114,424.54
2023-10-21,Office Supplies,CUST-0363,180.94
2022-01-03,Furniture,CUST-0025,225.91
2022-05-03,Office Supplies,CUST-0163,430.67
2022-02-08,Office Supplies,CUST-0195,427.1
2022-10-10,Office Supplies,CUST-0287,429.57
2022-07-01,Technology,CUST-0339,72.32
2023-05-08,Office Supplies,CUST-0260,243.51
2022-06-25,Technology,CUST-0329,150.06
2023-06-15,Furniture,CUST-0394,237.32
2022-08-15,Technology,CUST-0409,308.4
2023-05-15,Technology,CUST-0394,206.99
2023-02-13,Office Supplies,CUST-0343,214.88
2022-04-25,Furniture,CUST-0491,379.53
2023-08-12,Technology,CUST-0416,187.82
2022-01-01,Furniture,CUST-0375,152.85
2023-07-30,Technology,CUST-0442,382.55
2022-01-01,Furniture,CUST-0088,226.49
2023-08-23,Office Supplies,CUST-0335,264.28
2023-09-03,Furniture,CUST-0175,285.6
2023-02-14,Furniture,CUST-0224,331.9
2023-03-09,Technology,CUST-0309,304.22
2023-07-23,Furniture,CUST-0272,188.3
2022-10-26,Furniture,CUST-0202,392.83
2022-01-18,Office Supplies,CUST-0488,297.28
2023-03-22,Furniture,CUST-0100,446.02
2023-10-31,Office Supplies,CUST-0499,135.88
2023-10-19,Office Supplies,CUST-0152,99.54
2022-03-26,Technology,CUST-0383,135.7
2023-04-08,Technology,CUST-0334,235.94
2022-08-06,Technology,CUST-0368,205.52
2022-10-31,Technology,CUST-0440,164.11
2023-10-18,Furniture,CUST-0071,71.08
2022-12-05,Furniture,CUST-0193,293.95
2022-05-03,Technology,CUST-0447,42.76
2023-03-09,Office Supplies,CUST-0036,364.83
2023-05-18,Technology,CUST-0421,98.93
2023-09-24,Furniture,CUST-0166,279.99
2022-07-20,Furniture,CUST-0275,377.55
2022-09-20,Furniture,CUST-0298,259.15
2022-01-03,Office Supplies,CUST-0307,257.82
2023-07-14,Furniture,CUST-0199,144.69
2023-07-06,Furniture,CUST-0112,243.67
2022-07-08,Furniture,CUST-0065,233.3
2022-11-27,Furniture,CUST-0210,367.28
2023-11-10,Technology,CUST-0336,553.56
2023-06-25,Furniture,CUST-0080,116.1
2022-04-22,Technology,CUST-0090,276.25
2023-08-24,Office Supplies,CUST-0333,421.7
2023-08-25,Office Supplies,CUST-0061,55.11
2023-08-01,Technology,CUST-0204,188.84
2022-07-25,Technology,CUST-0242,163.37
2023-05-06,Office Supplies,CUST-0498,63.13
2023-04-29,Furniture,CUST-0170,72.65
2022-08-20,Technology,CUST-0275,283.73
2023-08-20,Office Supplies,CUST-0133,195.81
2023-01-01,Furniture,CUST-0319,309.16
2022-01-22,Technology,CUST-0083,159.65
2022-08-22,Office Supplies,CUST-0188,292.89
2022-09-28,Furniture,CUST-0188,11.26
2023-11-23,Office Supplies,CUST-0037,133.34
2022-04-20,Furniture,CUST-0085,184.78
2023-05-03,Furniture,CUST-0347,102.79
2023-11-01,Office Supplies,CUST-0112,540.18
2022-01-18,Technology,CUST-0287,187.26
2023-12-06,Technology,CUST-0007,174.58
2023-10-13,Office Supplies,CUST-0177,144.46
2023-12-07,Technology,CUST-0348,242.71
2022-11-19,Technology,CUST-0116,84.03
2022-03-18,Office Supplies,CUST-0445,47.15
2022-04-02,Technology,CUST-0139,135.87
2023-02-02,Office Supplies,CUST-0097,601.2
2023-03-25,Office Supplies,CUST-0077,54.52
2022-05-15,Furniture,CUST-0048,448.59
2023-12-21,Office Supplies,CUST-0484,484.64
2022-01-04,Technology,CUST-0290,692.55
2023-07-29,Technology,CUST-0138,193.87
2022-09-19,Office Supplies,CUST-0152,192.05
2022-08-10,Furniture,CUST-0210,108.07
2023-08-06,Furniture,CUST-0089,62.19
2023-03-28,Office Supplies,CUST-0239,150.58
2022-05-30,Furniture,CUST-0319,69.94
2022-05-19,Office Supplies,CUST-0117,210.97
2023-06-13,Furniture,CUST-0270,259.43
2023-10-06,Office Supplies,CUST-0232,63.48
2023-08-27,Office Supplies,CUST-0207,150.09
2023-07-25,Office Supplies,CUST-0256,168.93
2023-12-11,Technology,CUST-0007,99.49
2022-04-08,Technology,CUST-0500,545.29
2023-02-15,Technology,CUST-0397,193.86
2022-03-01,Office Supplies,CUST-0333,543.9
2022-11-13,Office Supplies,CUST-0456,64.08
2022-06-26,Office Supplies,CUST-0294,89.04
2022-08-03,Office Supplies,CUST-0085,64.42
2023-01-01,Office Supplies,CUST-0142,267.89
2022-09-02,Technology,CUST-0290,371.51
2023-02-09,Technology,CUST-0346,158.42
2022-10-13,Office Supplies,CUST-0416,337.51
2022-11-30,Office Supplies,CUST-0468,159.14
2023-06-11,Technology,CUST-0218,188.26
2022-03-24,Office Supplies,CUST-0274,32.04
2022-09-09,Furniture,CUST-0449,212.23
2023-01-20,Technology,CUST-0474,117.23
2022-03-16,Furniture,CUST-0142,172.25
2022-08-16,Technology,CUST-0386,272.24
2022-03-03,Technology,CUST-0451,284.62
2022-12-22,Office Supplies,CUST-0306,446.45
2022-11-24,Technology,CUST-0074,29.97
2022-03-06,Office Supplies,CUST-0062,442.75
2023-12-16,Furniture,CUST-0195,215.03
2023-04-01,Office Supplies,CUST-0162,254.68
2023-09-16,Furniture,CUST-0459,126.98
2022-02-17,Office Supplies,CUST-0226,75.19
2023-04-30,Furniture,CUST-0180,321.36
2023-08-29,Office Supplies,CUST-0290,934.77
2022-10-12,Office Supplies,CUST-0185,148.35
2022-04-29,Furniture,CUST-0358,204.93
2022-06-26,Office Supplies,CUST-0272,155.13
2022-05-16,Technology,CUST-0126,483.64
2023-07-30,Technology,CUST-0051,165.07
2023-03-19,Office Supplies,CUST-0326,7.04
2022-03-21,Technology,CUST-0357,209.3
2023-11-25,Office Supplies,CUST-0278,144.5
2022-05-21,Office Supplies,CUST-0095,536.84
2022-02-15,Technology,CUST-0002,2.56
2022-11-11,Technology,CUST-0077,233.97
2023-04-06,Office Supplies,CUST-0062,394.93
2023-07-25,Office Supplies,CUST-0188,523.88
2023-06-17,Furniture,CUST-0135,421.49
2023-03-18,Technology,CUST-0121,278.22
2022-05-26,Furniture,CUST-0481,65.92
2022-10-20,Furniture,CUST-0086,255.22
2022-04-14,Office Supplies,CUST-0300,19.84
2023-06-12,Technology,CUST-0049,246.41
2022-12-06,Office Supplies,CUST-0376,393.74
2022-06-26,Office Supplies,CUST-0309,519.29
2023-04-23,Office Supplies,CUST-0351,113.37
2023-11-27,Office Supplies,CUST-0368,294.72
2023-01-03,Office Supplies,CUST-0225,123.27
2023-03-19,Office Supplies,CUST-0235,454.92
2023-07-16,Office Supplies,CUST-0456,430.17
2023-08-13,Office Supplies,CUST-0348,185.11
2023-11-06,Office Supplies,CUST-0237,263.17
2023-04-09,Office Supplies,CUST-0071,106.38
2022-02-24,Office Supplies,CUST-0456,37.78
2023-02-21,Furniture,CUST-0285,228.42
2023-05-26,Furniture,CUST-0396,259.88
2023-05-19,Office Supplies,CUST-0346,56.16
2022-06-09,Furniture,CUST-0180,238.55
2022-12-18,Furniture,CUST-0400,294.73
2023-06-14,Office Supplies,CUST-0280,75.85
2023-09-04,Furniture,CUST-0311,166.9
2022-02-03,Furniture,CUST-0417,129.85
2022-12-06,Technology,CUST-0071,201.13
2023-02-22,Technology,CUST-0097,120.78
2022-07-24,Office Supplies,CUST-0246,458.94
2023-01-26,Office Supplies,CUST-0078,154.29
2023-08-29,Furniture,CUST-0464,207.51
2023-10-31,Office Supplies,CUST-0142,325.21
2022-05-26,Technology,CUST-0277,173.1
2023-02-04,Technology,CUST-0499,815.65
2023-05-07,Office Supplies,CUST-0249,233.86
2022-01-21,Office Supplies,CUST-0085,148.09
2023-04-05,Office Supplies,CUST-0380,356.05
2022-12-05,Furniture,CUST-0169,201.21
2022-06-10,Office Supplies,CUST-0149,63.25
2022-04-21,Technology,CUST-0392,586.58
2022-06-02,Technology,CUST-0151,772.93
2023-11-25,Technology,CUST-0459,451.67
2022-07-22,Technology,CUST-0263,226.31
2023-04-18,Technology,CUST-0360,53.08
2022-09-02,Office Supplies,CUST-0291,236.83
2022-07-21,Office Supplies,CUST-0280,570.82
2023-12-24,Office Supplies,CUST-0449,145.64
2023-06-29,Office Supplies,CUST-0420,196.56
2022-01-24,Office Supplies,CUST-0075,258.08
2023-11-04,Office Supplies,CUST-0239,70.72
2023-03-12,Technology,CUST-0239,136.96
2023-12-09,Office Supplies,CUST-0235,174.08
2022-07-15,Office Supplies,CUST-0225,345.91
2022-09-21,Furniture,CUST-0487,165.44
2023-10-13,Office Supplies,CUST-0426,405.26
2022-03-27,Office Supplies,CUST-0217,174.4
2023-01-10,Office Supplies,CUST-0356,71.12
2023-06-17,Furniture,CUST-0163,588.1
2023-08-02,Technology,CUST-0002,171.43
2022-01-01,Furniture,CUST-0391,171.32
2022-06-09,Furniture,CUST-0458,156.33
2023-04-26,Office Supplies,CUST-0284,298.82
2023-03-15,Furniture,CUST-0359,56.57
2022-03-29,Technology,CUST-0233,569.37
2023-04-17,Office Supplies,CUST-0350,80.1
2023-02-06,Office Supplies,CUST-0228,244.6
2022-02-25,Office Supplies,CUST-0390,79.27
2023-12-26,Office Supplies,CUST-0271,221.42
2022-08-19,Office Supplies,CUST-0035,222.24
2023-10-15,Furniture,CUST-0285,179.81
2023-10-13,Technology,CUST-0418,108.15
2023-08-21,Technology,CUST-0054,332.38
2023-01-17,Furniture,CUST-0010,251.8
2023-12-09,Office Supplies,CUST-0256,314.28
2022-04-13,Technology,CUST-0160,63.89
2022-05-16,Technology,CUST-0226,86.57
2023-04-27,Furniture,CUST-0239,88.16
2022-10-31,Office Supplies,CUST-0184,175.77
2022-06-18,Technology,CUST-0497,124.25
2023-05-14,Office Supplies,CUST-0431,25.16
2022-02-22,Office Supplies,CUST-0159,49.0
2023-02-18,Office Supplies,CUST-0450,189.29
2023-05-14,Furniture,CUST-0050,75.82
2022-08-31,Furniture,CUST-0164,504.86
2023-09-26,Technology,CUST-0208,187.8
2022-08-27,Office Supplies,CUST-0224,212.31
2022-03-07,Furniture,CUST-0255,547.25
2023-09-07,Technology,CUST-0387,84.57
2023-08-24,Technology,CUST-0216,98.72
2023-07-02,Office Supplies,CUST-0328,260.5
2023-11-02,Furniture,CUST-0164,785.25
2023-08-08,Technology,CUST-0499,212.23
2023-05-24,Furniture,CUST-0142,371.82
2022-01-31,Furniture,CUST-0266,404.98
2023-06-05,Technology,CUST-0024,162.05
2022-12-06,Furniture,CUST-0214,204.46
2022-02-12,Office Supplies,CUST-0053,156.16
2022-08-20,Furniture,CUST-0122,171.07
2023-04-08,Technology,CUST-0167,378.41
2023-05-15,Technology,CUST-0240,115.63
2022-11-05,Furniture,CUST-0225,361.95
2022-06-23,Technology,CUST-0219,302.51
2023-07-13,Office Supplies,CUST-0468,173.31
2023-01-29,Technology,CUST-0281,90.49
2022-06-05,Technology,CUST-0358,123.75
2023-04-28,Technology,CUST-0139,112.89
2022-06-05,Furniture,CUST-0228,492.97
2023-06-06,Furniture,CUST-0162,589.17
2023-10-03,Office Supplies,CUST-0448,291.07
2023-07-29,Furniture,CUST-0292,367.21
2023-11-17,Technology,CUST-0111,42.96
2023-02-08,Furniture,CUST-0477,181.83
2022-07-05,Technology,CUST-0386,292.33
2023-04-10,Furniture,CUST-0324,22.13
2023-11-04,Office Supplies,CUST-0075,501.08
2023-09-17,Furniture,CUST-0211,272.85
2022-05-14,Furniture,CUST-0102,110.11
2023-06-29,Technology,CUST-0006,197.12
2022-05-17,Furniture,CUST-0473,25.19
2022-02-07,Furniture,CUST-0452,89.57
2022-05-22,Technology,CUST-0431,459.07
2022-03-07,Office Supplies,CUST-0298,21.9
2023-10-15,Furniture,CUST-0152,489.14
2023-09-23,Office Supplies,CUST-0057,120.5
2022-09-09,Office Supplies,CUST-0292,177.67
2023-09-08,Furniture,CUST-0466,426.54
2022-04-27,Furniture,CUST-0185,52.2
2023-11-07,Furniture,CUST-0233,27.65
2023-04-25,Furniture,CUST-0464,366.17
2023-01-16,Furniture,CUST-0360,229.46
2023-02-09,Furniture,CUST-0184,95.32
2022-09-01,Office Supplies,CUST-0446,140.42
2022-06-22,Office Supplies,CUST-0155,78.03
2022-11-26,Office Supplies,CUST-0161,262.79
2022-05-23,Furniture,CUST-0128,17.37
2022-07-21,Technology,CUST-0158,284.25
2023-04-17,Technology,CUST-0055,183.29
2022-04-22,Office Supplies,CUST-0211,131.06
2023-06-26,Technology,CUST-0116,73.79
2022-05-12,Technology,CUST-0304,266.34
2022-11-01,Technology,CUST-0471,40.04
2023-11-22,Technology,CUST-0057,59.2
2022-06-23,Furniture,CUST-0492,373.15
2023-01-09,Technology,CUST-0067,293.0
2022-07-13,Furniture,CUST-0184,51.93
2023-04-02,Furniture,CUST-0223,200.62
2023-05-31,Technology,CUST-0424,135.93
2023-06-09,Office Supplies,CUST-0183,431.8
2022-07-12,Technology,CUST-0375,251.35
2023-07-10,Furniture,CUST-0438,506.77
2022-11-04,Office Supplies,CUST-0476,57.98
2023-07-23,Furniture,CUST-0264,284.25
2022-05-17,Office Supplies,CUST-0242,476.1
2023-04-24,Office Supplies,CUST-0492,74.41
2022-09-21,Furniture,CUST-0381,79.65
2023-10-12,Office Supplies,CUST-0232,511.0
2023-07-15,Office Supplies,CUST-0267,122.0
2022-06-02,Office Supplies,CUST-0268,91.57
2022-06-15,Office Supplies,CUST-0202,116.25
2022-01-09,Technology,CUST-0456,15.39
2023-09-14,Office Supplies,CUST-0228,127.16
2022-05-04,Office Supplies,CUST-0047,54.33
2022-07-20,Office Supplies,CUST-0203,278.68
2023-07-30,Technology,CUST-0120,161.53
2022-02-15,Office Supplies,CUST-0110,354.94
2023-12-04,Furniture,CUST-0232,443.19
2022-07-02,Office Supplies,CUST-0403,183.18
2023-07-09,Technology,CUST-0324,323.86
2023-01-26,Technology,CUST-0389,192.05
2023-03-17,Furniture,CUST-0046,24.84
2022-07-14,Office Supplies,CUST-0347,372.12
2023-05-03,Technology,CUST-0483,375.48
2022-12-10,Office Supplies,CUST-0264,115.94
2023-10-20,Technology,CUST-0454,196.1
2022-03-30,Technology,CUST-0215,87.99
2022-05-25,Furniture,CUST-0044,113.09
2023-05-10,Office Supplies,CUST-0130,79.47
2022-05-10,Technology,CUST-0002,169.88
2022-05-18,Furniture,CUST-0464,116.52
2023-03-10,Office Supplies,CUST-0473,355.04
2023-03-15,Technology,CUST-0498,204.73
2023-03-31,Technology,CUST-0179,265.23
2023-08-27,Technology,CUST-0434,457.84
2023-12-16,Office Supplies,CUST-0403,194.6
2022-02-25,Office Supplies,CUST-0452,271.24
2022-09-27,Technology,CUST-0228,195.3
2023-12-24,Technology,CUST-0023,73.62
2023-07-15,Technology,CUST-0039,309.35
2022-07-30,Furniture,CUST-0281,107.06
2023-04-02,Office Supplies,CUST-0004,344.17
2022-06-22,Furniture,CUST-0278,11.71
2022-03-25,Office Supplies,CUST-0080,170.96
2023-06-06,Office Supplies,CUST-0234,546.05
2023-01-28,Technology,CUST-0408,390.69
2022-06-02,Furniture,CUST-0266,391.26
2023-02-19,Furniture,CUST-0326,127.0
2022-06-25,Office Supplies,CUST-0067,156.84
2023-05-20,Technology,CUST-0290,140.54
2023-08-05,Furniture,CUST-0368,443.73
2022-02-24,Furniture,CUST-0277,210.74
2023-02-22,Furniture,CUST-0058,25.7
2023-01-06,Office Supplies,CUST-0392,40.88
2023-08-08,Furniture,CUST-0284,110.79
2023-06-06,Technology,CUST-0371,473.85
2023-03-17,Office Supplies,CUST-0107,195.39
2022-08-27,Furniture,CUST-0420,115.05
2023-02-22,Office Supplies,CUST-0311,219.02
2022-12-08,Furniture,CUST-0320,11.95
2022-12-17,Office Supplies,CUST-0330,640.04
2023-11-02,Technology,CUST-0085,260.76
2022-08-15,Furniture,CUST-0216,175.87
2023-01-27,Office Supplies,CUST-0494,99.19
2023-02-24,Office Supplies,CUST-0164,394.83
2022-01-17,Furniture,CUST-0280,182.53
2022-12-06,Furniture,CUST-0007,697.24
2023-10-02,Furniture,CUST-0311,114.47
2022-12-12,Furniture,CUST-0127,163.31
2022-12-22,Office Supplies,CUST-0150,324.77
2023-06-25,Furniture,CUST-0240,503.16
2022-12-18,Office Supplies,CUST-0327,343.53
2022-12-02,Office Supplies,CUST-0081,221.06
2023-11-29,Technology,CUST-0096,405.26
2023-03-19,Technology,CUST-0446,30.97
2023-07-28,Office Supplies,CUST-0031,192.61
2022-09-25,Technology,CUST-0400,158.35
2022-10-28,Office Supplies,CUST-0324,272.73
2023-02-21,Office Supplies,CUST-0018,341.89
2022-08-28,Furniture,CUST-0418,168.17
2023-03-20,Office Supplies,CUST-0261,286.08
2023-12-10,Furniture,CUST-0365,286.38
2023-10-06,Furniture,CUST-0321,352.77
2023-02-19,Technology,CUST-0381,74.55
2023-02-15,Furniture,CUST-0494,171.65
2023-01-10,Furniture,CUST-0387,282.37
2023-10-12,Furniture,CUST-0380,60.02
2022-04-13,Furniture,CUST-0287,167.65
2023-12-24,Furniture,CUST-0201,141.18
2023-04-03,Office Supplies,CUST-0364,194.32
2023-09-17,Office Supplies,CUST-0486,200.9
2022-08-12,Office Supplies,CUST-0014,280.69
2022-07-25,Office Supplies,CUST-0283,131.46
2023-03-12,Furniture,CUST-0489,386.69
2023-12-22,Technology,CUST-0359,85.98
2022-01-17,Office Supplies,CUST-0482,126.01
2022-08-26,Furniture,CUST-0037,200.05
2023-10-07,Furniture,CUST-0088,125.49
2023-08-30,Technology,CUST-0376,82.4
2023-06-14,Furniture,CUST-0146,153.83
2022-09-10,Furniture,CUST-0049,55.08
2022-02-19,Technology,CUST-0340,323.37
2023-11-07,Furniture,CUST-0358,86.34
2023-10-08,Technology,CUST-0045,180.0
2023-07-29,Furniture,CUST-0365,201.25
2022-08-07,Furniture,CUST-0123,198.81
2022-12-28,Furniture,CUST-0145,142.07
2022-12-06,Office Supplies,CUST-0226,187.35
2022-01-16,Office Supplies,CUST-0483,140.61
2022-06-15,Technology,CUST-0205,116.51
2022-11-29,Furniture,CUST-0309,91.35
2023-02-14,Technology,CUST-0194,114.38
2022-08-08,Furniture,CUST-0218,123.87
2022-09-10,Office Supplies,CUST-0357,587.17
2023-01-15,Office Supplies,CUST-0240,310.31
2023-06-12,Furniture,CUST-0108,258.94
2023-07-03,Furniture,CUST-0165,147.46
2022-10-20,Furniture,CUST-0445,266.47
2023-08-12,Office Supplies,CUST-0086,235.81
2022-02-16,Office Supplies,CUST-0094,585.93
2023-03-02,Furniture,CUST-0279,588.19
2022-05-11,Technology,CUST-0323,300.06
2023-06-27,Technology,CUST-0101,108.37
2023-05-15,Technology,CUST-0083,193.17
2023-11-29,Furniture,CUST-0246,236.01
2022-12-03,Office Supplies,CUST-0077,672.49
2022-11-08,Furniture,CUST-0067,184.5
2023-01-09,Office Supplies,CUST-0235,297.15
2022-08-27,Furniture,CUST-0112,149.44
2023-04-21,Technology,CUST-0290,448.78
2022-08-08,Furniture,CUST-0307,137.29
2022-09-12,Furniture,CUST-0069,493.16
2023-11-30,Furniture,CUST-0439,54.23
2023-03-18,Office Supplies,CUST-0208,422.97
2023-12-13,Furniture,CUST-0042,134.86
2023-07-07,Office Supplies,CUST-0355,191.18
2023-01-06,Furniture,CUST-0147,216.43
2022-02-17,Technology,CUST-0172,333.07
2023-06-17,Furniture,CUST-0393,21.72
2022-07-06,Furniture,CUST-0033,191.16
2022-06-09,Technology,CUST-0047,68.73
2023-11-27,Office Supplies,CUST-0154,9.7
2022-05-24,Office Supplies,CUST-0093,179.06
2023-02-28,Office Supplies,CUST-0449,111.71
2022-05-18,Furniture,CUST-0392,425.61
2022-08-22,Furniture,CUST-0292,138.62
2022-11-14,Technology,CUST-0245,731.43
2023-02-13,Furniture,CUST-0188,175.88
2022-10-03,Office Supplies,CUST-0257,239.76
2023-10-25,Technology,CUST-0408,193.15
2022-10-26,Office Supplies,CUST-0487,275.68
2023-06-10,Technology,CUST-0418,202.87
2023-01-27,Furniture,CUST-0154,197.78
2023-09-25,Office Supplies,CUST-0214,100.51
2022-09-18,Furniture,CUST-0087,281.83
2022-08-05,Office Supplies,CUST-0500,87.63
2023-10-13,Technology,CUST-0194,134.91
2022-09-03,Office Supplies,CUST-0456,28.02
2022-12-24,Technology,CUST-0329,261.2
2023-09-16,Office Supplies,CUST-0442,107.99
2023-09-26,Office Supplies,CUST-0070,124.66
2022-02-21,Office Supplies,CUST-0259,158.34
2023-07-08,Office Supplies,CUST-0393,87.97
2023-04-25,Technology,CUST-0115,235.93
2023-09-29,Technology,CUST-0322,539.34
2023-09-20,Technology,CUST-0090,48.28
2023-05-09,Office Supplies,CUST-0341,325.36
2023-04-01,Technology,CUST-0392,433.93
2022-02-21,Office Supplies,CUST-0489,54.38
2023-12-26,Office Supplies,CUST-0369,232.28
2023-02-05,Technology,CUST-0218,83.66
2022-11-04,Furniture,CUST-0410,392.34
2022-05-13,Technology,CUST-0274,41.08
2022-12-26,Technology,CUST-0406,360.45
2022-09-30,Technology,CUST-0045,180.72
2022-06-19,Technology,CUST-0082,148.96
2022-09-03,Furniture,CUST-0357,135.17
2022-09-01,Office Supplies,CUST-0112,599.07
2023-08-21,Office Supplies,CUST-0192,614.37
2022-05-14,Office Supplies,CUST-0224,345.6
2023-06-09,Furniture,CUST-0102,133.9
2023-04-07,Office Supplies,CUST-0104,126.01
2023-04-14,Office Supplies,CUST-0358,287.18
2023-04-27,Technology,CUST-0075,75.05
2023-05-19,Technology,CUST-0111,267.58
2022-07-28,Furniture,CUST-0033,260.8
2022-04-17,Office Supplies,CUST-0487,633.28
2023-10-25,Furniture,CUST-0381,67.96
2023-05-17,Furniture,CUST-0231,68.06
2023-10-30,Technology,CUST-0339,30.15
2023-07-28,Office Supplies,CUST-0472,576.82
2022-02-05,Technology,CUST-0379,131.72
2022-11-25,Technology,CUST-0221,109.93
2022-04-20,Technology,CUST-0265,119.07
2023-02-14,Technology,CUST-0108,235.82
2022-03-07,Office Supplies,CUST-0053,94.15
2023-05-19,Furniture,CUST-0321,56.46
2022-07-29,Office Supplies,CUST-0370,602.02
2023-09-20,Office Supplies,CUST-0383,623.63
2022-06-12,Technology,CUST-0152,91.53
2023-11-01,Furniture,CUST-0327,134.82
2023-03-20,Furniture,CUST-0012,160.6
2022-02-15,Technology,CUST-0245,62.22
2023-07-18,Furniture,CUST-0084,348.03
2023-06-22,Technology,CUST-0317,190.2
2023-02-01,Office Supplies,CUST-0474,64.81
2023-07-25,Office Supplies,CUST-0180,67.78
2022-01-15,Furniture,CUST-0470,477.88
2022-10-16,Furniture,CUST-0380,63.61
2023-11-29,Office Supplies,CUST-0174,153.96
2023-10-13,Technology,CUST-0499,497.34
2022-01-18,Furniture,CUST-0145,157.64
2023-04-19,Office Supplies,CUST-0269,321.84
2022-12-23,Office Supplies,CUST-0295,527.68
2023-06-27,Technology,CUST-0345,333.62
2022-07-29,Furniture,CUST-0100,70.36
2023-11-14,Technology,CUST-0057,375.6
2022-04-24,Technology,CUST-0220,373.06
2023-02-10,Technology,CUST-0086,849.49
2023-11-08,Office Supplies,CUST-0084,417.82
2022-06-05,Technology,CUST-0188,199.96
2022-02-21,Technology,CUST-0480,141.41
2022-04-10,Technology,CUST-0299,440.53
2022-12-20,Office Supplies,CUST-0330,348.15
2022-12-26,Furniture,CUST-0254,69.57
2022-08-19,Furniture,CUST-0357,344.59
2023-07-12,Office Supplies,CUST-0232,912.03
2022-03-23,Office Supplies,CUST-0186,381.33
2023-01-25,Office Supplies,CUST-0307,230.17
2022-12-15,Furniture,CUST-0026,247.2
2023-06-08,Furniture,CUST-0279,214.22
2023-11-10,Technology,CUST-0472,116.97
2022-11-19,Office Supplies,CUST-0072,158.48
2022-10-22,Office Supplies,CUST-0223,349.38
2022-06-22,Technology,CUST-0479,537.39
2023-09-18,Office Supplies,CUST-0402,713.29
2022-08-15,Office Supplies,CUST-0463,83.83
2023-10-10,Furniture,CUST-0193,294.76
2023-07-25,Office Supplies,CUST-0044,279.47
2022-01-14,Furniture,CUST-0379,437.73
2022-08-31,Office Supplies,CUST-0300,288.61
2023-06-14,Office Supplies,CUST-0231,54.6
2023-01-15,Office Supplies,CUST-0382,27.08
2022-02-11,Furniture,CUST-0261,245.37
2023-03-17,Office Supplies,CUST-0391,447.03
2023-05-23,Office Supplies,CUST-0355,52.28
2022-04-06,Furniture,CUST-0143,294.07
2023-02-20,Technology,CUST-0225,246.93
2023-10-13,Technology,CUST-0297,279.38
2023-09-27,Furniture,CUST-0176,697.43
2023-03-25,Furniture,CUST-0206,290.95
2023-04-02,Technology,CUST-0479,56.19
2023-08-20,Office Supplies,CUST-0284,45.5
2023-02-24,Office Supplies,CUST-0237,523.26
2023-06-19,Furniture,CUST-0326,480.56
2023-12-08,Office Supplies,CUST-0490,423.56
2023-02-27,Technology,CUST-0088,42.23
2023-08-05,Office Supplies,CUST-0080,224.39
2022-08-21,Office Supplies,CUST-0395,216.78
2023-01-06,Furniture,CUST-0243,305.06
2022-07-01,Furniture,CUST-0376,281.47
2022-02-26,Furniture,CUST-0030,575.36
2022-08-15,Technology,CUST-0500,476.81
2023-03-15,Technology,CUST-0091,209.25
2023-01-10,Furniture,CUST-0150,82.69
2023-07-10,Furniture,CUST-0144,142.53
2022-03-18,Office Supplies,CUST-0277,94.86
2023-12-12,Office Supplies,CUST-0388,407.46
2022-11-03,Office Supplies,CUST-0171,50.45
2023-10-17,Office Supplies,CUST-0384,564.59
2023-08-17,Technology,CUST-0207,495.08
2022-06-11,Office Supplies,CUST-0418,208.72
2023-03-31,Technology,CUST-0171,171.67
2022-04-17,Office Supplies,CUST-0463,103.78
2022-12-03,Technology,CUST-0496,151.7
2023-02-10,Furniture,CUST-0152,134.38
2022-08-02,Furniture,CUST-0381,240.46
2022-08-13,Technology,CUST-0478,71.68
2022-08-14,Office Supplies,CUST-0430,96.18
2023-02-18,Technology,CUST-0210,444.01
2022-07-15,Furniture,CUST-0417,361.74
2023-10-25,Office Supplies,CUST-0188,281.94
2022-01-05,Technology,CUST-0446,871.46
2022-04-19,Office Supplies,CUST-0055,407.84
2022-02-21,Office Supplies,CUST-0269,305.64
2023-09-11,Furniture,CUST-0452,120.69
2023-05-18,Technology,CUST-0434,125.59
2022-08-31,Furniture,CUST-0330,291.3
2023-03-05,Office Supplies,CUST-0101,174.53
2023-12-10,Office Supplies,CUST-0295,618.02
2023-04-11,Office Supplies,CUST-0178,344.04
2023-07-25,Technology,CUST-0451,621.03
2022-10-11,Office Supplies,CUST-0495,282.66
2023-10-05,Office Supplies,CUST-0327,186.51
2022-05-26,Office Supplies,CUST-0302,70.77
2022-03-22,Technology,CUST-0063,257.67
2022-02-17,Technology,CUST-0074,233.12
2022-09-13,Furniture,CUST-0028,97.31
2022-04-28,Office Supplies,CUST-0075,231.4
2023-01-28,Technology,CUST-0156,126.1
2022-09-16,Technology,CUST-0370,204.26
2023-08-28,Office Supplies,CUST-0137,324.86
2022-12-05,Office Supplies,CUST-0112,650.58
2023-10-18,Office Supplies,CUST-0252,210.24
2023-09-02,Office Supplies,CUST-0405,161.93
2023-05-26,Technology,CUST-0041,286.24
2022-10-11,Office Supplies,CUST-0137,248.42
2023-06-10,Furniture,CUST-0397,252.58
2023-04-01,Office Supplies,CUST-0158,187.2
2022-11-01,Technology,CUST-0217,229.32
2023-01-12,Furniture,CUST-0145,127.02
2022-12-24,Technology,CUST-0158,357.16
2023-12-29,Technology,CUST-0056,122.0
2023-06-15,Furniture,CUST-0359,376.22
2022-02-16,Technology,CUST-0450,822.87
2023-07-24,Office Supplies,CUST-0097,269.33
2022-05-20,Technology,CUST-0427,300.97
2023-03-29,Furniture,CUST-0087,538.26
2022-10-09,Technology,CUST-0074,285.69
2023-06-18,Office Supplies,CUST-0148,843.55
2022-12-20,Office Supplies,CUST-0038,158.82
2023-01-30,Office Supplies,CUST-0274,250.42
2022-06-26,Technology,CUST-0445,246.64
2022-06-09,Technology,CUST-0443,467.17
2022-03-16,Furniture,CUST-0128,249.5
2022-04-22,Technology,CUST-0087,183.57
2022-08-28,Technology,CUST-0082,173.52
2023-04-28,Office Supplies,CUST-0292,185.58
2023-09-02,Office Supplies,CUST-0073,97.34
2022-01-27,Furniture,CUST-0406,93.51
2022-04-08,Technology,CUST-0490,172.1
2022-08-21,Technology,CUST-0183,176.77
2023-08-06,Technology,CUST-0306,62.5
2023-12-19,Furniture,CUST-0133,183.99
2022-05-23,Technology,CUST-0493,108.37
2022-01-22,Office Supplies,CUST-0351,78.29
2023-05-30,Technology,CUST-0160,1279.92
2023-12-14,Furniture,CUST-0247,338.92
2023-10-13,Office Supplies,CUST-0010,137.28
2023-08-15,Furniture,CUST-0156,143.25
2022-12-24,Furniture,CUST-0098,53.57
2022-04-24,Furniture,CUST-0241,317.68
2022-02-13,Office Supplies,CUST-0138,468.12
2022-10-26,Office Supplies,CUST-0161,399.7
2023-02-27,Furniture,CUST-0484,76.93
2022-07-04,Office Supplies,CUST-0441,89.39
2023-08-09,Office Supplies,CUST-0166,242.94
2022-04-29,Technology,CUST-0470,453.44
2022-03-11,Technology,CUST-0264,338.35
2022-06-30,Technology,CUST-0197,230.75
2023-10-27,Technology,CUST-0077,58.24
2022-11-06,Furniture,CUST-0328,314.28
2022-03-10,Office Supplies,CUST-0187,261.14
2023-12-09,Office Supplies,CUST-0109,356.31
2023-09-12,Office Supplies,CUST-0264,222.56
2022-10-29,Office Supplies,CUST-0436,94.25
2022-03-30,Technology,CUST-0231,204.29
2022-04-30,Office Supplies,CUST-0190,243.16
2023-12-02,Furniture,CUST-0310,481.42
2022-02-03,Furniture,CUST-0135,42.96
2023-09-20,Office Supplies,CUST-0332,399.55
2023-04-13,Office Supplies,CUST-0193,737.43
2022-10-31,Office Supplies,CUST-0349,117.98
2022-10-29,Office Supplies,CUST-0485,222.43
2023-04-11,Technology,CUST-0040,208.69
2022-10-12,Office Supplies,CUST-0285,265.31
2023-02-27,Technology,CUST-0227,400.27
2022-07-31,Technology,CUST-0014,14.51
2022-05-27,Office Supplies,CUST-0106,185.28
2022-06-03,Office Supplies,CUST-0035,256.91
2022-05-09,Furniture,CUST-0358,130.85
2022-09-09,Office Supplies,CUST-0011,470.47
2022-12-10,Furniture,CUST-0359,147.63
2023-08-19,Office Supplies,CUST-0361,173.44
2023-09-06,Technology,CUST-0232,187.46
2022-12-02,Furniture,CUST-0411,91.75
2023-09-06,Technology,CUST-0019,345.98
2023-10-21,Office Supplies,CUST-0167,60.71
2023-10-14,Office Supplies,CUST-0199,118.21
2023-10-12,Office Supplies,CUST-0158,79.03
2022-12-18,Office Supplies,CUST-0101,264.43
2022-06-04,Office Supplies,CUST-0427,31.97
2023-10-02,Office Supplies,CUST-0051,109.6
2022-11-06,Furniture,CUST-0220,140.56
2023-11-20,Office Supplies,CUST-0472,54.76
2022-08-29,Office Supplies,CUST-0327,113.49
2023-08-13,Office Supplies,CUST-0258,149.76
2022-04-24,Office Supplies,CUST-0380,227.89
2023-08-21,Office Supplies,CUST-0165,63.7
2022-05-12,Office Supplies,CUST-0257,119.9
2023-06-03,Technology,CUST-0259,273.84
2023-06-27,Technology,CUST-0154,100.48
2023-11-09,Technology,CUST-0322,92.84
2022-12-23,Furniture,CUST-0359,220.37
2022-12-29,Office Supplies,CUST-0256,298.62
2022-01-17,Technology,CUST-0499,259.69
2023-08-16,Furniture,CUST-0030,120.97
2023-06-26,Office Supplies,CUST-0099,309.21
2022-08-02,Furniture,CUST-0192,293.91
2023-10-04,Technology,CUST-0181,307.8
2022-03-09,Technology,CUST-0331,337.62
2023-07-13,Office Supplies,CUST-0103,26.31
2023-04-09,Office Supplies,CUST-0308,295.95
2023-10-04,Furniture,CUST-0302,72.65
2022-10-25,Technology,CUST-0134,134.14
2023-08-11,Furniture,CUST-0340,203.44
2023-03-19,Office Supplies,CUST-0360,21.05
2022-01-02,Office Supplies,CUST-0306,282.58
2023-11-02,Furniture,CUST-0407,154.85
2022-07-28,Furniture,CUST-0113,551.67
2023-03-04,Office Supplies,CUST-0045,16.3
2023-02-23,Technology,CUST-0458,614.14
2023-06-03,Office Supplies,CUST-0001,547.95
2023-08-24,Office Supplies,CUST-0135,168.57
2023-07-25,Office Supplies,CUST-0069,366.36
2022-01-08,Technology,CUST-0311,35.57
2022-04-24,Office Supplies,CUST-0108,262.47
2022-05-24,Technology,CUST-0056,376.11
2023-07-16,Office Supplies,CUST-0073,420.91
2022-09-22,Office Supplies,CUST-0374,242.34
2022-02-21,Furniture,CUST-0081,150.4
2023-01-25,Furniture,CUST-0128,510.29
2023-04-03,Furniture,CUST-0222,362.57
2022-03-22,Technology,CUST-0060,110.28
2023-01-23,Office Supplies,CUST-0366,56.28
2022-11-05,Furniture,CUST-0189,385.4
2022-02-11,Furniture,CUST-0373,356.03
2022-10-03,Technology,CUST-0263,109.6
2023-01-21,Technology,CUST-0316,338.43
2022-12-08,Furniture,CUST-0145,78.85
2023-09-30,Technology,CUST-0354,272.87
2023-08-23,Office Supplies,CUST-0089,185.99
2023-06-22,Office Supplies,CUST-0264,27.71
2023-07-08,Office Supplies,CUST-0119,11.51
2023-02-06,Furniture,CUST-0018,329.27
2022-11-24,Office Supplies,CUST-0439,71.41
2022-04-08,Technology,CUST-0039,202.2
2023-03-23,Technology,CUST-0219,194.32
2023-06-28,Office Supplies,CUST-0280,95.95
2023-12-22,Office Supplies,CUST-0274,13.73
2023-03-24,Furniture,CUST-0484,8.52
2023-02-27,Office Supplies,CUST-0061,201.94
2022-07-05,Office Supplies,CUST-0074,168.79
2022-06-02,Office Supplies,CUST-0445,390.31
2022-03-14,Furniture,CUST-0212,53.86
2022-11-27,Technology,CUST-0239,111.3
2023-09-13,Office Supplies,CUST-0291,422.94
2022-09-16,Office Supplies,CUST-0206,97.88
2023-03-25,Technology,CUST-0214,276.35
2022-10-16,Technology,CUST-0258,529.02
2022-02-09,Office Supplies,CUST-0210,7.01
2023-08-22,Furniture,CUST-0164,217.7
2023-12-23,Office Supplies,CUST-0131,99.6
2022-07-04,Office Supplies,CUST-0334,88.46
2023-10-17,Office Supplies,CUST-0008,241.66
2023-06-26,Office Supplies,CUST-0498,346.61
2022-05-21,Furniture,CUST-0345,975.63
2023-09-30,Office Supplies,CUST-0071,86.01
2023-04-08,Technology,CUST-0354,325.19
2022-08-29,Office Supplies,CUST-0340,381.07
2023-04-16,Office Supplies,CUST-0275,177.83
2022-12-31,Furniture,CUST-0278,284.08
2023-02-01,Office Supplies,CUST-0500,195.46
2023-01-24,Office Supplies,CUST-0432,523.17
2022-05-14,Office Supplies,CUST-0205,177.46
2022-07-13,Technology,CUST-0374,242.46
2023-04-10,Technology,CUST-0490,94.53
2022-08-04,Office Supplies,CUST-0457,217.74
2022-05-17,Technology,CUST-0083,85.77
2023-10-20,Furniture,CUST-0202,246.18
2022-08-10,Office Supplies,CUST-0250,98.35
2023-12-03,Office Supplies,CUST-0374,160.85
2023-09-16,Technology,CUST-0473,56.0
2023-02-01,Office Supplies,CUST-0261,357.71
2023-01-23,Furniture,CUST-0068,110.75
2023-08-16,Furniture,CUST-0242,425.69
2022-11-28,Technology,CUST-0097,7.76
2022-10-10,Office Supplies,CUST-0323,98.65
2022-02-14,Furniture,CUST-0255,72.76
2022-02-11,Office Supplies,CUST-0274,27.08
2022-08-22,Technology,CUST-0485,198.58
2022-04-18,Technology,CUST-0311,247.38
2022-10-20,Furniture,CUST-0477,162.14
2023-02-07,Furniture,CUST-0442,258.9
2023-04-07,Furniture,CUST-0162,54.27
2022-03-24,Technology,CUST-0027,78.5
2022-01-18,Furniture,CUST-0352,101.41
2023-02-26,Technology,CUST-0364,161.65
2023-11-24,Office Supplies,CUST-0441,249.06
2022-06-02,Office Supplies,CUST-0241,117.43
2023-08-27,Office Supplies,CUST-0123,258.89
2022-11-22,Office Supplies,CUST-0259,550.06
2023-02-20,Technology,CUST-0239,206.23
2023-12-05,Office Supplies,CUST-0241,397.37
2023-12-30,Furniture,CUST-0494,337.11
2023-12-25,Office Supplies,CUST-0480,243.31
2022-08-20,Technology,CUST-0249,153.0
2022-05-15,Technology,CUST-0347,315.19
2023-04-07,Office Supplies,CUST-0036,269.99
2022-10-08,Technology,CUST-0456,358.88
2023-10-12,Office Supplies,CUST-0165,237.2
2023-05-02,Office Supplies,CUST-0294,221.42
2023-01-20,Office Supplies,CUST-0161,69.7
2022-12-27,Office Supplies,CUST-0407,650.5
2022-07-31,Office Supplies,CUST-0134,212.86
2023-11-21,Office Supplies,CUST-0494,85.73
2023-07-26,Technology,CUST-0462,381.29
2022-06-30,Office Supplies,CUST-0265,509.19
2023-04-29,Office Supplies,CUST-0013,49.8
2022-09-23,Office Supplies,CUST-0248,130.06
2023-12-26,Furniture,CUST-0061,505.48
2022-10-30,Furniture,CUST-0401,350.95
2022-06-14,Technology,CUST-0224,291.76
2023-09-26,Technology,CUST-0083,101.58
2022-02-12,Furniture,CUST-0093,85.06
2023-08-13,Office Supplies,CUST-0149,146.09
2022-09-08,Office Supplies,CUST-0304,147.23
2022-12-13,Technology,CUST-0134,196.23
2023-07-24,Furniture,CUST-0202,76.37
2022-03-03,Technology,CUST-0126,327.32
2023-03-09,Office Supplies,CUST-0302,46.48
2022-06-18,Technology,CUST-0269,314.42
2023-09-17,Technology,CUST-0118,689.99
2022-12-25,Office Supplies,CUST-0389,500.91
2023-10-15,Office Supplies,CUST-0352,109.38
2022-12-02,Furniture,CUST-0150,114.53
2022-10-12,Furniture,CUST-0386,117.63
2022-09-16,Technology,CUST-0328,221.22
2023-01-04,Technology,CUST-0465,127.39
2023-05-21,Office Supplies,CUST-0010,189.79
2023-04-07,Technology,CUST-0238,217.16
2023-07-13,Office Supplies,CUST-0218,101.12
2023-11-23,Technology,CUST-0285,135.67
2023-07-01,Office Supplies,CUST-0076,296.6
2022-07-20,Furniture,CUST-0163,564.96
2022-11-24,Technology,CUST-0438,749.74
2022-12-02,Office Supplies,CUST-0416,162.82
2022-05-31,Technology,CUST-0220,50.95
2023-09-18,Furniture,CUST-0098,324.61
2022-06-06,Technology,CUST-0180,232.92
2023-03-05,Technology,CUST-0075,375.13
2023-10-23,Technology,CUST-0182,174.82
2022-05-29,Furniture,CUST-0332,261.43
2022-06-27,Technology,CUST-0116,105.92
2023-08-16,Furniture,CUST-0087,365.07
2022-01-01,Technology,CUST-0138,140.24
2022-08-31,Technology,CUST-0409,438.36
2022-03-25,Technology,CUST-0325,252.66
2023-06-07,Office Supplies,CUST-0231,116.19
2022-08-26,Office Supplies,CUST-0401,214.96
2022-07-15,Office Supplies,CUST-0057,274.88
2022-08-01,Office Supplies,CUST-0380,151.39
2023-01-02,Furniture,CUST-0300,107.31
2022-06-13,Office Supplies,CUST-0023,154.08
2023-04-14,Office Supplies,CUST-0307,428.05
2022-03-22,Technology,CUST-0453,65.73
2022-02-04,Office Supplies,CUST-0050,175.13
2022-06-01,Office Supplies,CUST-0189,306.52
2022-10-15,Technology,CUST-0108,102.08
2022-12-29,Furniture,CUST-0016,511.2
2023-04-16,Technology,CUST-0349,88.76
2022-04-21,Office Supplies,CUST-0012,70.33
2023-09-25,Technology,CUST-0033,596.19
2022-03-18,Office Supplies,CUST-0297,62.13
2023-11-17,Office Supplies,CUST-0093,251.2
2022-04-04,Technology,CUST-0250,155.7
2023-10-29,Technology,CUST-0349,314.29
2023-07-21,Technology,CUST-0423,246.46
2022-05-22,Office Supplies,CUST-0252,446.88
2023-07-26,Furniture,CUST-0384,650.63
2023-07-24,Furniture,CUST-0472,154.08
2022-03-17,Technology,CUST-0485,279.79
2022-03-20,Technology,CUST-0212,376.28
2023-03-21,Office Supplies,CUST-0030,298.97
2023-01-16,Technology,CUST-0093,365.02
2023-01-29,Furniture,CUST-0196,103.4
2022-04-01,Technology,CUST-0193,317.68
2023-10-17,Office Supplies,CUST-0195,256.85
2023-06-23,Office Supplies,CUST-0113,419.36
2023-08-30,Office Supplies,CUST-0134,162.82
2022-12-19,Furniture,CUST-0013,71.76
2022-06-14,Technology,CUST-0248,417.52
2023-12-14,Office Supplies,CUST-0421,150.52
2023-02-12,Furniture,CUST-0425,50.13
2022-02-05,Furniture,CUST-0316,194.48
2022-05-26,Office Supplies,CUST-0257,68.78
2023-09-02,Furniture,CUST-0048,159.68
2023-12-07,Furniture,CUST-0262,389.19
2022-12-16,Office Supplies,CUST-0469,148.3
2022-12-09,Office Supplies,CUST-0476,52.02
2022-05-13,Technology,CUST-0232,212.59
2022-02-04,Office Supplies,CUST-0321,70.2
2023-01-19,Technology,CUST-0104,169.42
2023-07-01,Office Supplies,CUST-0392,841.28
2023-04-17,Office Supplies,CUST-0066,188.96
2023-11-01,Technology,CUST-0397,160.49
2023-10-19,Technology,CUST-0177,302.7
2022-01-13,Technology,CUST-0150,357.71
2023-12-19,Office Supplies,CUST-0097,366.31
2022-03-18,Office Supplies,CUST-0196,76.15
2023-01-02,Furniture,CUST-0248,244.28
2022-03-11,Technology,CUST-0329,537.69
2022-10-01,Technology,CUST-0219,68.85
2023-05-28,Technology,CUST-0475,114.66
2023-04-24,Office Supplies,CUST-0186,287.71
2022-08-27,Office Supplies,CUST-0366,80.22
2022-05-27,Furniture,CUST-0284,679.62
2023-05-21,Office Supplies,CUST-0107,184.09
2023-08-11,Furniture,CUST-0465,161.28
2022-02-19,Office Supplies,CUST-0210,619.6
2023-09-25,Furniture,CUST-0327,326.9
2022-04-17,Office Supplies,CUST-0028,101.09
2023-10-29,Office Supplies,CUST-0306,167.07
2023-07-23,Technology,CUST-0165,323.74
2023-10-30,Office Supplies,CUST-0260,117.58
2022-03-02,Furniture,CUST-0321,154.0
2022-12-15,Office Supplies,CUST-0071,360.63
2022-01-02,Furniture,CUST-0135,98.91
2023-11-30,Furniture,CUST-0009,449.94
2022-06-16,Office Supplies,CUST-0379,384.62
2023-10-28,Office Supplies,CUST-0265,70.06
2022-07-18,Technology,CUST-0408,518.3
2022-10-17,Furniture,CUST-0392,240.23
2022-12-01,Office Supplies,CUST-0261,109.04
2023-09-03,Furniture,CUST-0339,326.8
2022-01-10,Technology,CUST-0257,110.63
2023-11-04,Office Supplies,CUST-0077,202.69
2023-07-11,Technology,CUST-0068,210.08
2023-12-29,Office Supplies,CUST-0286,126.21
2023-05-12,Technology,CUST-0091,358.71
2022-02-21,Furniture,CUST-0006,733.23
2022-12-17,Office Supplies,CUST-0010,205.96
2022-11-23,Office Supplies,CUST-0011,399.19
2023-01-27,Office Supplies,CUST-0492,134.83
2023-03-05,Furniture,CUST-0472,118.88
2022-10-27,Furniture,CUST-0084,418.18
2022-10-21,Office Supplies,CUST-0027,166.15
2022-08-04,Office Supplies,CUST-0415,173.79
2022-09-22,Office Supplies,CUST-0105,311.22
2023-07-06,Technology,CUST-0173,412.56
2022-03-11,Office Supplies,CUST-0284,201.99
2022-07-24,Office Supplies,CUST-0040,68.1
2023-06-13,Furniture,CUST-0320,357.38
2023-08-23,Office Supplies,CUST-0426,391.36
2023-03-04,Furniture,CUST-0239,221.67
2022-09-01,Furniture,CUST-0182,608.04
2023-09-26,Office Supplies,CUST-0478,154.62
2022-02-28,Office Supplies,CUST-0257,202.49
2023-01-03,Office Supplies,CUST-0028,425.55
2022-11-22,Office Supplies,CUST-0479,71.27
2022-02-13,Technology,CUST-0024,138.95
2022-05-10,Technology,CUST-0316,393.56
2023-08-31,Technology,CUST-0033,301.13
2022-10-21,Technology,CUST-0186,134.06
2023-07-06,Technology,CUST-0140,131.21
2022-08-06,Furniture,CUST-0145,55.88
2022-03-01,Technology,CUST-0375,315.44
2022-12-02,Office Supplies,CUST-0285,1171.77
2022-11-11,Furniture,CUST-0200,353.23
2022-01-23,Office Supplies,CUST-0469,85.26
2022-02-03,Furniture,CUST-0364,475.72
2022-10-04,Furniture,CUST-0023,275.49
2023-05-16,Office Supplies,CUST-0458,349.01
2023-04-01,Furniture,CUST-0496,273.44
2022-01-04,Furniture,CUST-0290,217.56
2023-01-28,Office Supplies,CUST-0418,39.18
2023-05-20,Office Supplies,CUST-0224,126.48
2023-06-03,Technology,CUST-0315,787.1
2023-02-16,Office Supplies,CUST-0258,121.11
2023-09-24,Office Supplies,CUST-0053,65.04
2023-08-04,Technology,CUST-0270,361.76
2022-03-12,Office Supplies,CUST-0100,311.98
2022-11-01,Office Supplies,CUST-0078,272.38
2023-06-09,Furniture,CUST-0437,380.7
2023-01-15,Office Supplies,CUST-0490,186.69
2022-10-11,Office Supplies,CUST-0094,169.41
2022-12-06,Technology,CUST-0492,128.41
2022-06-24,Technology,CUST-0289,713.51
2023-04-15,Furniture,CUST-0303,236.95
2023-04-13,Furniture,CUST-0438,405.44
2022-08-10,Furniture,CUST-0184,88.49
2022-07-07,Office Supplies,CUST-0199,149.59
2023-07-05,Furniture,CUST-0010,220.95
2023-10-24,Office Supplies,CUST-0097,268.78
2023-10-15,Technology,CUST-0371,158.36
2022-04-01,Technology,CUST-0388,92.32
2022-04-14,Technology,CUST-0043,139.55
2022-04-19,Furniture,CUST-0092,90.48
2023-07-07,Office Supplies,CUST-0077,143.52
2022-06-11,Furniture,CUST-0052,100.01
2022-07-06,Furniture,CUST-0052,44.26
2022-12-23,Furniture,CUST-0236,61.83
2022-07-18,Office Supplies,CUST-0287,88.11
2023-01-01,Office Supplies,CUST-0239,63.42
2023-07-15,Furniture,CUST-0151,208.54
2022-04-08,Office Supplies,CUST-0357,343.01
2022-09-13,Office Supplies,CUST-0117,368.31
2022-08-27,Office Supplies,CUST-0176,198.21
2023-03-31,Office Supplies,CUST-0076,127.97
2022-10-13,Technology,CUST-0439,253.8
2022-05-23,Office Supplies,CUST-0448,277.3
2022-03-31,Office Supplies,CUST-0415,30.63
2022-10-23,Furniture,CUST-0046,165.14
2023-07-27,Office Supplies,CUST-0082,274.3
2022-09-03,Technology,CUST-0259,99.53
2023-06-17,Office Supplies,CUST-0412,188.99
2023-11-10,Furniture,CUST-0350,149.28
2022-05-10,Office Supplies,CUST-0011,39.16
2023-02-23,Technology,CUST-0110,397.39
2022-02-03,Office Supplies,CUST-0491,144.34
2023-02-01,Technology,CUST-0075,286.88
2023-11-16,Furniture,CUST-0350,159.66
2022-08-15,Furniture,CUST-0212,292.21
2023-05-02,Office Supplies,CUST-0223,272.75
2022-02-13,Office Supplies,CUST-0091,299.33
2022-11-17,Office Supplies,CUST-0286,452.55
2023-08-10,Office Supplies,CUST-0409,78.89
2022-10-14,Office Supplies,CUST-0097,272.29
2022-05-04,Office Supplies,CUST-0341,181.16
2023-11-24,Technology,CUST-0447,524.62
2023-04-04,Technology,CUST-0134,157.85
2023-03-11,Technology,CUST-0318,451.07
2022-02-21,Technology,CUST-0100,201.92
2023-01-09,Furniture,CUST-0375,174.94
2023-02-08,Technology,CUST-0220,539.45
2022-03-24,Technology,CUST-0414,75.89
2022-10-07,Furniture,CUST-0498,139.53
2023-11-23,Furniture,CUST-0489,112.27
2022-06-28,Technology,CUST-0192,110.66
2023-09-18,Office Supplies,CUST-0017,123.05
2022-03-09,Technology,CUST-0077,74.66
2022-06-04,Technology,CUST-0447,136.58
2022-08-07,Technology,CUST-0432,86.23
2022-07-19,Technology,CUST-0035,151.92
2023-07-22,Technology,CUST-0213,76.06
2023-08-19,Office Supplies,CUST-0249,93.72
2023-12-16,Office Supplies,CUST-0303,86.33
2023-09-23,Technology,CUST-0231,101.56
2023-05-21,Office Supplies,CUST-0021,502.3
2023-03-24,Furniture,CUST-0043,32.15
2022-12-15,Furniture,CUST-0474,33.33
2023-01-20,Furniture,CUST-0448,59.6
2023-06-05,Office Supplies,CUST-0433,174.59
2022-05-25,Office Supplies,CUST-0188,32.36
2023-10-14,Office Supplies,CUST-0128,246.61
2023-03-08,Technology,CUST-0399,348.88
2022-05-21,Office Supplies,CUST-0209,106.14
2022-08-31,Office Supplies,CUST-0157,177.66
2022-02-06,Technology,CUST-0228,72.19
2023-03-20,Office Supplies,CUST-0309,115.33
2022-10-31,Office Supplies,CUST-0434,218.64
2023-08-23,Furniture,CUST-0488,145.45
2023-04-26,Technology,CUST-0179,192.18
2023-05-10,Furniture,CUST-0418,612.33
2023-08-23,Furniture,CUST-0261,63.28
2023-05-20,Furniture,CUST-0022,149.46
2023-01-10,Office Supplies,CUST-0334,26.65
2023-06-24,Office Supplies,CUST-0444,190.81
2023-09-29,Technology,CUST-0381,80.71
2023-12-30,Furniture,CUST-0057,293.37
2022-06-22,Office Supplies,CUST-0193,495.72
2022-02-27,Technology,CUST-0136,402.2
2022-08-31,Office Supplies,CUST-0364,556.34
2022-01-13,Office Supplies,CUST-0458,284.61
2023-11-21,Furniture,CUST-0297,185.34
2023-06-12,Technology,CUST-0491,201.68
2023-06-14,Technology,CUST-0051,664.08
2022-11-06,Furniture,CUST-0038,125.38
2022-08-31,Furniture,CUST-0103,310.22
2022-05-18,Office Supplies,CUST-0335,577.07
2023-03-23,Office Supplies,CUST-0482,176.72
2023-07-16,Technology,CUST-0037,371.76
2023-04-04,Technology,CUST-0277,148.57
2022-10-28,Furniture,CUST-0116,59.99
2022-03-25,Technology,CUST-0360,353.54
2022-04-06,Technology,CUST-0136,73.12
2023-05-01,Furniture,CUST-0412,17.32
2023-02-25,Office Supplies,CUST-0169,255.72
2022-04-21,Furniture,CUST-0013,191.41
2022-08-27,Technology,CUST-0226,76.08
2023-11-08,Furniture,CUST-0477,297.84
2022-11-30,Office Supplies,CUST-0106,431.33
2023-11-16,Furniture,CUST-0035,72.91
2022-12-13,Technology,CUST-0337,65.38
2023-06-19,Furniture,CUST-0194,140.14
2023-10-02,Technology,CUST-0132,48.86
2022-08-24,Furniture,CUST-0160,77.67
2023-04-18,Furniture,CUST-0058,313.97
2022-03-21,Technology,CUST-0390,144.05
2022-06-14,Office Supplies,CUST-0300,758.37
2022-02-11,Technology,CUST-0403,206.8
2023-03-06,Technology,CUST-0277,56.23
2023-02-10,Furniture,CUST-0005,196.08
2022-02-08,Technology,CUST-0259,327.1
2023-02-15,Furniture,CUST-0438,119.17
2022-10-17,Furniture,CUST-0292,189.23
2022-03-21,Office Supplies,CUST-0399,157.14
2022-03-20,Office Supplies,CUST-0288,107.04
2023-08-25,Technology,CUST-0500,325.34
2023-09-18,Technology,CUST-0092,145.87
2022-05-21,Furniture,CUST-0420,253.66
2022-12-05,Furniture,CUST-0080,508.48
2022-11-12,Office Supplies,CUST-0214,134.32
2023-06-30,Office Supplies,CUST-0166,205.6
2023-03-03,Office Supplies,CUST-0115,222.17
2023-01-08,Office Supplies,CUST-0245,200.18
2022-05-08,Furniture,CUST-0498,591.04
2023-11-21,Technology,CUST-0357,106.67
2023-01-22,Office Supplies,CUST-0221,13.65
2022-09-01,Office Supplies,CUST-0019,872.29
2023-07-11,Technology,CUST-0050,298.18
2022-02-28,Office Supplies,CUST-0334,334.47
2023-11-07,Technology,CUST-0318,198.21
2022-09-07,Furniture,CUST-0497,384.54
2022-02-28,Furniture,CUST-0203,284.8
2022-10-23,Office Supplies,CUST-0214,53.87
2023-07-17,Furniture,CUST-0420,281.46
2022-11-01,Technology,CUST-0174,321.1
2022-09-10,Technology,CUST-0421,391.66
2023-07-26,Office Supplies,CUST-0254,468.26
2022-12-08,Office Supplies,CUST-0084,227.02
2023-06-18,Technology,CUST-0405,58.19
2023-06-10,Office Supplies,CUST-0141,252.15
2022-10-20,Technology,CUST-0031,839.64
2023-01-08,Technology,CUST-0175,54.07
2022-06-04,Technology,CUST-0423,211.79
2023-02-20,Office Supplies,CUST-0447,114.8
2022-01-27,Office Supplies,CUST-0389,151.62
2022-01-18,Office Supplies,CUST-0089,372.71
2022-09-23,Technology,CUST-0089,96.07
2022-05-12,Technology,CUST-0204,130.81
2023-05-12,Furniture,CUST-0258,422.73
2022-11-01,Furniture,CUST-0058,146.58
2022-06-18,Technology,CUST-0500,220.15
2023-09-07,Furniture,CUST-0316,289.2
2022-12-24,Office Supplies,CUST-0399,159.52
2022-01-20,Office Supplies,CUST-0228,162.49
2023-03-20,Furniture,CUST-0387,243.62
2023-11-24,Technology,CUST-0336,199.54
2022-10-14,Office Supplies,CUST-0240,65.75
2023-07-15,Office Supplies,CUST-0060,83.87
2022-10-30,Office Supplies,CUST-0207,213.53
2023-05-04,Technology,CUST-0258,218.96
2022-01-27,Technology,CUST-0469,236.66
2022-05-01,Technology,CUST-0165,110.64
2023-11-04,Technology,CUST-0327,47.18
2022-03-25,Furniture,CUST-0171,483.32
2023-02-28,Technology,CUST-0149,268.14
2023-09-06,Technology,CUST-0171,504.45
2023-06-28,Office Supplies,CUST-0330,157.87
2022-09-20,Technology,CUST-0314,84.98
2022-11-25,Furniture,CUST-0333,181.29
2023-12-03,Office Supplies,CUST-0359,164.72
2023-12-22,Office Supplies,CUST-0385,686.64
2022-03-13,Technology,CUST-0414,56.38
2023-08-20,Office Supplies,CUST-0482,30.47
2022-12-13,Technology,CUST-0239,248.06
2022-12-07,Technology,CUST-0434,284.13
2023-02-11,Furniture,CUST-0448,328.83
2022-09-22,Office Supplies,CUST-0322,41.0
2022-10-27,Technology,CUST-0293,121.57
2023-08-02,Technology,CUST-0036,39.38
2022-06-27,Technology,CUST-0357,166.39
2022-06-15,Office Supplies,CUST-0078,214.73
2022-07-28,Office Supplies,CUST-0304,233.66
2023-01-27,Furniture,CUST-0362,248.3
2023-06-08,Technology,CUST-0194,468.22
2022-02-15,Technology,CUST-0442,62.39
2022-04-04,Furniture,CUST-0072,334.47
2022-01-10,Technology,CUST-0004,117.43
2023-08-12,Furniture,CUST-0196,215.31
2023-09-11,Technology,CUST-0009,300.46
2023-08-17,Furniture,CUST-0444,83.52
2022-07-25,Technology,CUST-0403,196.51
2023-05-05,Office Supplies,CUST-0169,171.11
2023-06-11,Office Supplies,CUST-0287,537.07
2023-01-24,Technology,CUST-0253,164.22
2022-05-04,Office Supplies,CUST-0470,64.7
2022-06-24,Technology,CUST-0424,558.5
2022-08-08,Furniture,CUST-0265,303.57
2023-02-25,Office Supplies,CUST-0087,405.25
2022-02-22,Technology,CUST-0051,161.55
2022-06-28,Office Supplies,CUST-0224,113.77
2023-01-12,Technology,CUST-0085,41.7
2023-08-22,Technology,CUST-0319,40.28
2022-12-22,Office Supplies,CUST-0453,146.92
2023-01-05,Technology,CUST-0500,365.96
2023-04-30,Technology,CUST-0109,264.55
2022-03-23,Technology,CUST-0432,91.86
2023-09-28,Office Supplies,CUST-0216,268.51
2023-02-18,Office Supplies,CUST-0356,19.21
2023-07-25,Office Supplies,CUST-0335,17.26
2023-03-26,Office Supplies,CUST-0159,143.27
2023-11-05,Office Supplies,CUST-0400,491.48
2022-09-17,Office Supplies,CUST-0355,548.23
2022-08-27,Office Supplies,CUST-0172,262.8
2022-09-05,Technology,CUST-0428,836.35
2023-11-01,Technology,CUST-0063,202.76
2022-10-22,Furniture,CUST-0371,115.42
2023-01-31,Office Supplies,CUST-0387,128.82
2023-06-14,Technology,CUST-0154,178.0
2023-01-22,Furniture,CUST-0061,268.43
2023-06-08,Office Supplies,CUST-0438,382.79
2022-04-21,Office Supplies,CUST-0177,125.84
2023-01-23,Office Supplies,CUST-0375,80.47
2022-02-25,Technology,CUST-0146,536.46
2023-06-22,Furniture,CUST-0082,164.04
2023-10-14,Technology,CUST-0024,582.42
2022-02-24,Office Supplies,CUST-0159,190.03
2023-10-22,Office Supplies,CUST-0015,355.03
2023-05-09,Office Supplies,CUST-0219,356.17
2023-06-28,Technology,CUST-0110,143.08
2022-10-28,Office Supplies,CUST-0160,134.49
2023-04-06,Technology,CUST-0324,362.65
2022-09-19,Office Supplies,CUST-0344,576.3
2023-05-29,Technology,CUST-0261,305.59
2022-11-08,Technology,CUST-0054,305.02
2022-12-17,Office Supplies,CUST-0363,298.14
2022-10-14,Technology,CUST-0230,81.63
2022-08-15,Office Supplies,CUST-0332,567.27
2022-02-02,Technology,CUST-0376,36.04
2023-06-09,Furniture,CUST-0034,174.68
2023-01-05,Technology,CUST-0226,138.2
2022-02-04,Technology,CUST-0413,101.56
2022-10-06,Office Supplies,CUST-0243,90.99
2022-06-06,Furniture,CUST-0421,517.74
2023-11-09,Office Supplies,CUST-0264,268.93
2023-06-30,Technology,CUST-0338,44.48
2022-06-14,Office Supplies,CUST-0358,184.37
2023-02-18,Technology,CUST-0481,163.9
2022-01-16,Technology,CUST-0368,408.14
2023-07-02,Furniture,CUST-0004,132.29
2022-10-08,Technology,CUST-0414,302.0
2022-11-15,Furniture,CUST-0082,69.23
2023-02-07,Office Supplies,CUST-0199,239.34
2022-03-19,Office Supplies,CUST-0375,209.37
2022-07-16,Office Supplies,CUST-0299,95.01
2023-09-28,Furniture,CUST-0125,32.6
2023-04-28,Technology,CUST-0309,252.16
2023-07-07,Furniture,CUST-0128,332.79
2023-06-13,Furniture,CUST-0457,437.79
2023-11-19,Office Supplies,CUST-0311,912.28
2023-01-04,Office Supplies,CUST-0047,148.9
2022-10-11,Office Supplies,CUST-0008,52.85
2022-09-18,Technology,CUST-0366,69.66
2022-02-21,Office Supplies,CUST-0163,105.84
2022-01-21,Furniture,CUST-0202,30.7
2022-06-08,Office Supplies,CUST-0026,113.64
2022-06-03,Furniture,CUST-0413,474.88
2023-11-02,Office Supplies,CUST-0215,595.41
2023-04-28,Furniture,CUST-0032,354.58
2022-11-14,Furniture,CUST-0017,239.83
2022-01-08,Technology,CUST-0167,57.14
2022-07-05,Furniture,CUST-0422,224.05
2023-04-28,Furniture,CUST-0051,119.09
2023-06-29,Office Supplies,CUST-0171,255.95
2023-05-17,Office Supplies,CUST-0229,43.43
2022-03-10,Furniture,CUST-0221,156.16
2022-07-30,Furniture,CUST-0063,305.39
2022-09-19,Office Supplies,CUST-0229,194.07
2022-02-07,Office Supplies,CUST-0139,41.94
2023-01-07,Technology,CUST-0395,230.65
2022-05-27,Furniture,CUST-0135,73.73
2022-09-16,Office Supplies,CUST-0301,149.11
2022-04-02,Furniture,CUST-0335,92.79
2023-07-21,Furniture,CUST-0091,41.7
2022-06-18,Furniture,CUST-0066,531.11
2022-05-18,Office Supplies,CUST-0398,339.32
2023-12-10,Furniture,CUST-0107,374.52
2023-09-07,Furniture,CUST-0153,69.58
2022-03-07,Technology,CUST-0422,275.28
2022-11-27,Technology,CUST-0127,346.59
2022-08-31,Office Supplies,CUST-0017,373.18
2022-12-29,Technology,CUST-0099,118.48
2023-01-12,Furniture,CUST-0104,249.05
2023-07-19,Furniture,CUST-0419,158.67
2022-02-05,Furniture,CUST-0074,169.65
2022-01-12,Technology,CUST-0408,165.43
2022-09-13,Technology,CUST-0386,143.92
2023-12-09,Furniture,CUST-0320,401.05
2023-11-11,Office Supplies,CUST-0388,28.78
2023-09-15,Technology,CUST-0445,376.13
2023-04-11,Furniture,CUST-0006,97.56
2023-05-17,Office Supplies,CUST-0302,940.38
2023-11-06,Technology,CUST-0451,357.63
2023-01-12,Furniture,CUST-0324,338.02
2023-01-26,Technology,CUST-0481,106.1
2022-08-13,Office Supplies,CUST-0185,167.2
2022-07-24,Office Supplies,CUST-0319,395.44
2022-05-28,Furniture,CUST-0083,36.15
2023-09-30,Office Supplies,CUST-0242,264.68
2022-07-19,Technology,CUST-0219,336.17
2023-11-15,Furniture,CUST-0209,179.93
2022-01-26,Technology,CUST-0500,342.63
2023-01-23,Technology,CUST-0421,439.97
2022-05-21,Technology,CUST-0051,203.15
2022-09-15,Furniture,CUST-0269,270.72
2022-10-05,Office Supplies,CUST-0055,83.79
2022-10-02,Office Supplies,CUST-0323,341.86
2023-03-16,Technology,CUST-0215,49.79
2022-03-28,Technology,CUST-0081,298.09
2022-07-09,Office Supplies,CUST-0233,233.11
2023-01-21,Office Supplies,CUST-0489,159.82
2022-03-03,Furniture,CUST-0350,107.89
2022-11-06,Technology,CUST-0430,200.84
2022-11-02,Office Supplies,CUST-0296,211.72
2023-08-20,Technology,CUST-0076,51.72
2023-12-22,Technology,CUST-0253,312.49
2022-06-24,Technology,CUST-0338,90.17
2023-07-03,Technology,CUST-0213,611.98
2023-01-17,Office Supplies,CUST-0403,42.67
2023-01-22,Office Supplies,CUST-0471,118.7
2022-01-25,Office Supplies,CUST-0353,115.1
2022-07-18,Technology,CUST-0335,50.77
2023-04-22,Office Supplies,CUST-0047,180.39
2023-06-08,Technology,CUST-0260,228.53
2022-02-04,Office Supplies,CUST-0065,114.17
2022-07-12,Furniture,CUST-0018,306.79
2022-08-21,Office Supplies,CUST-0322,458.16
2022-11-09,Technology,CUST-0281,111.63
2023-06-26,Office Supplies,CUST-0500,149.47
2022-10-18,Technology,CUST-0264,497.87
2023-11-23,Furniture,CUST-0133,81.44
2022-04-11,Office Supplies,CUST-0207,173.43
2022-01-29,Technology,CUST-0073,149.46
2023-01-29,Office Supplies,CUST-0473,181.25
2022-03-28,Office Supplies,CUST-0197,168.62
2023-01-20,Office Supplies,CUST-0396,63.39
2023-04-12,Technology,CUST-0153,305.23
2023-07-01,Furniture,CUST-0430,194.24
2022-07-09,Office Supplies,CUST-0232,221.97
2023-07-29,Office Supplies,CUST-0495,303.21
2023-03-26,Office Supplies,CUST-0301,84.43
2023-03-14,Furniture,CUST-0392,156.6
2022-05-10,Office Supplies,CUST-0389,40.95
2023-05-19,Furniture,CUST-0469,197.32
2023-03-31,Office Supplies,CUST-0384,43.67
2022-02-03,Office Supplies,CUST-0434,184.16
2022-05-03,Technology,CUST-0059,803.99
2023-12-12,Technology,CUST-0483,760.94
2022-03-24,Furniture,CUST-0187,161.39
2022-12-28,Technology,CUST-0247,123.45
2023-09-18,Office Supplies,CUST-0314,88.06
2022-07-14,Office Supplies,CUST-0070,246.87
2023-07-02,Office Supplies,CUST-0140,279.86
2023-05-16,Office Supplies,CUST-0407,138.63
2022-10-13,Furniture,CUST-0474,273.03
2022-10-30,Office Supplies,CUST-0248,251.25
2022-01-22,Office Supplies,CUST-0194,51.0
2023-01-18,Technology,CUST-0392,304.26
2023-06-24,Office Supplies,CUST-0159,351.06
2022-02-06,Furniture,CUST-0179,277.88
2022-04-11,Office Supplies,CUST-0146,210.68
2023-09-24,Furniture,CUST-0285,426.69
2023-11-22,Office Supplies,CUST-0407,451.43
2022-08-22,Office Supplies,CUST-0484,149.69
2023-04-12,Office Supplies,CUST-0035,242.47
2023-09-29,Technology,CUST-0060,338.63
2023-11-12,Furniture,CUST-0116,285.27
2023-09-24,Office Supplies,CUST-0024,308.27
2023-07-03,Technology,CUST-0408,75.24
2023-06-27,Furniture,CUST-0233,88.24
2022-10-13,Office Supplies,CUST-0111,62.75
2023-06-08,Technology,CUST-0146,123.78
2023-05-18,Office Supplies,CUST-0323,329.98
2022-09-19,Office Supplies,CUST-0436,396.99
2023-07-24,Technology,CUST-0019,214.59
2022-02-18,Office Supplies,CUST-0415,53.27
2023-10-21,Technology,CUST-0301,186.47
2023-10-05,Furniture,CUST-0391,199.2
2022-01-30,Technology,CUST-0474,149.92
2022-01-01,Furniture,CUST-0275,230.43
2022-03-05,Office Supplies,CUST-0262,51.72
2022-03-14,Office Supplies,CUST-0091,292.43
2023-12-11,Furniture,CUST-0470,327.29
2023-02-08,Furniture,CUST-0231,188.54
2023-02-14,Office Supplies,CUST-0036,150.18
2023-03-24,Furniture,CUST-0186,95.1
2022-12-18,Office Supplies,CUST-0384,139.77
2022-06-11,Technology,CUST-0283,353.69
2023-07-18,Furniture,CUST-0074,287.13
2022-08-23,Furniture,CUST-0256,76.34
2023-05-31,Furniture,CUST-0212,270.91
2023-04-05,Furniture,CUST-0019,158.16
2022-04-03,Technology,CUST-0017,243.74
2023-05-04,Technology,CUST-0003,54.23
2023-01-12,Technology,CUST-0173,94.01
2022-02-09,Technology,CUST-0062,492.6
2022-09-02,Office Supplies,CUST-0398,266.71
2022-04-14,Office Supplies,CUST-0344,466.82
2023-01-09,Furniture,CUST-0012,57.85
2023-03-24,Office Supplies,CUST-0058,450.41
2022-06-22,Furniture,CUST-0036,21.26
2022-02-27,Office Supplies,CUST-0036,210.14
2023-05-28,Furniture,CUST-0366,246.11
2022-04-08,Technology,CUST-0463,266.52
2022-08-31,Office Supplies,CUST-0394,167.28
2022-08-22,Office Supplies,CUST-0488,529.39
2023-03-24,Furniture,CUST-0357,216.79
2023-11-04,Technology,CUST-0033,136.32
2022-09-17,Office Supplies,CUST-0110,436.59
2022-08-23,Office Supplies,CUST-0325,244.94
2023-09-28,Technology,CUST-0032,55.83
2023-05-07,Technology,CUST-0076,121.09
2023-01-03,Technology,CUST-0172,316.34
2022-12-03,Office Supplies,CUST-0172,319.6
2023-06-08,Furniture,CUST-0418,130.37
2022-01-26,Technology,CUST-0172,107.91
2023-05-11,Office Supplies,CUST-0126,125.37
2023-01-19,Technology,CUST-0479,27.94
2022-02-16,Office Supplies,CUST-0391,195.6
2022-05-03,Office Supplies,CUST-0055,38.03
2022-06-27,Technology,CUST-0162,196.04
2022-03-16,Furniture,CUST-0460,516.46
2022-04-30,Furniture,CUST-0118,372.26
2022-11-07,Office Supplies,CUST-0250,99.56
2023-05-29,Furniture,CUST-0405,1001.59
2023-04-20,Technology,CUST-0057,513.41
2023-08-22,Office Supplies,CUST-0428,232.79
2023-03-19,Furniture,CUST-0004,99.57
2022-05-20,Office Supplies,CUST-0445,288.61
2023-02-24,Office Supplies,CUST-0150,635.22
2022-10-18,Office Supplies,CUST-0239,196.71
2023-04-20,Office Supplies,CUST-0497,195.37
2022-11-23,Technology,CUST-0276,102.24
2022-12-11,Furniture,CUST-0221,298.35
2023-11-19,Technology,CUST-0376,240.29
2023-06-17,Technology,CUST-0137,78.84
2022-04-27,Furniture,CUST-0128,306.47
2022-10-20,Office Supplies,CUST-0342,240.81
2023-07-31,Office Supplies,CUST-0484,342.67
2023-11-01,Office Supplies,CUST-0319,405.02
2022-12-22,Technology,CUST-0237,199.42
2023-02-28,Office Supplies,CUST-0419,301.16
2023-04-28,Technology,CUST-0397,390.3
2022-05-20,Office Supplies,CUST-0092,65.63
2022-03-29,Furniture,CUST-0294,56.17
2023-07-05,Furniture,CUST-0054,226.76
2023-12-02,Office Supplies,CUST-0052,612.03
2022-02-04,Technology,CUST-0334,295.36
2023-09-25,Furniture,CUST-0336,106.85
2022-10-23,Furniture,CUST-0374,774.23
2023-10-30,Technology,CUST-0462,108.61
2022-12-28,Office Supplies,CUST-0480,146.13
2022-02-11,Furniture,CUST-0064,80.77
2023-04-27,Office Supplies,CUST-0268,33.7
2022-04-27,Technology,CUST-0278,256.83
2022-07-19,Technology,CUST-0180,86.01
2023-11-09,Technology,CUST-0153,533.7
2022-04-06,Office Supplies,CUST-0331,358.5
2022-09-10,Office Supplies,CUST-0215,171.92
2023-11-06,Office Supplies,CUST-0253,264.78
2023-04-01,Technology,CUST-0135,28.9
2022-12-25,Technology,CUST-0234,373.75
2023-06-18,Technology,CUST-0384,50.38
2023-11-14,Furniture,CUST-0375,201.11
2023-08-31,Furniture,CUST-0368,316.78
2023-08-12,Furniture,CUST-0306,271.86
2022-03-29,Office Supplies,CUST-0051,153.65
2022-01-23,Office Supplies,CUST-0430,146.46
2023-06-28,Furniture,CUST-0493,62.86
2022-12-23,Office Supplies,CUST-0164,68.05
2023-03-17,Furniture,CUST-0120,53.91
2023-01-07,Office Supplies,CUST-0175,60.9
2022-12-19,Office Supplies,CUST-0012,113.19
2023-05-24,Furniture,CUST-0078,237.29
2023-03-09,Office Supplies,CUST-0263,193.12
2023-05-23,Technology,CUST-0072,171.6
2022-04-15,Technology,CUST-0121,358.91
2022-04-09,Furniture,CUST-0214,161.63
2022-04-22,Office Supplies,CUST-0272,278.92
2022-04-12,Technology,CUST-0281,242.73
2022-12-09,Technology,CUST-0187,311.19
2023-02-01,Furniture,CUST-0449,242.44
2022-06-20,Office Supplies,CUST-0068,331.18
2022-04-20,Office Supplies,CUST-0438,267.06
2023-01-11,Office Supplies,CUST-0496,305.01
2022-08-08,Furniture,CUST-0129,335.08
2022-01-22,Technology,CUST-0117,123.59
2023-11-22,Furniture,CUST-0362,242.65
2022-02-18,Office Supplies,CUST-0255,202.97
2023-05-17,Office Supplies,CUST-0098,124.62
2023-01-20,Technology,CUST-0500,314.15
2022-10-30,Office Supplies,CUST-0306,170.05
2023-07-23,Office Supplies,CUST-0412,332.67
2022-04-24,Technology,CUST-0044,294.67
2023-02-17,Office Supplies,CUST-0255,187.48
2022-05-17,Office Supplies,CUST-0207,106.78
2023-07-03,Technology,CUST-0293,87.54
2023-03-05,Furniture,CUST-0169,146.58
2022-03-06,Technology,CUST-0058,47.37
2022-09-17,Furniture,CUST-0127,67.62
2022-04-04,Furniture,CUST-0100,135.23
2023-03-25,Furniture,CUST-0300,381.43
2023-06-12,Technology,CUST-0160,300.01
2023-08-30,Technology,CUST-0361,96.5
2023-07-12,Office Supplies,CUST-0229,670.31
2023-03-20,Furniture,CUST-0497,547.19
2023-04-04,Technology,CUST-0357,382.2
2023-05-09,Furniture,CUST-0260,101.09
2023-12-27,Furniture,CUST-0349,213.98
2023-12-21,Furniture,CUST-0395,736.08
2022-05-31,Technology,CUST-0448,303.41
2023-05-29,Technology,CUST-0422,333.67
2023-11-17,Furniture,CUST-0193,241.55
2022-09-15,Office Supplies,CUST-0377,115.27
2023-04-15,Office Supplies,CUST-0292,359.69
2022-10-29,Technology,CUST-0055,167.97
2023-01-09,Office Supplies,CUST-0408,74.78
2022-07-16,Office Supplies,CUST-0425,164.71
2022-01-09,Technology,CUST-0422,451.69
2023-11-08,Office Supplies,CUST-0270,90.6
2022-04-28,Technology,CUST-0100,90.43
2022-05-04,Office Supplies,CUST-0357,155.53
2023-07-05,Technology,CUST-0215,126.47
2023-05-06,Office Supplies,CUST-0357,306.77
2022-10-23,Office Supplies,CUST-0380,65.96
2023-06-10,Furniture,CUST-0060,587.25
2023-06-13,Office Supplies,CUST-0124,469.43
2022-08-15,Technology,CUST-0185,85.97
2023-01-25,Office Supplies,CUST-0363,146.05
2022-05-12,Furniture,CUST-0035,119.01
2023-02-03,Furniture,CUST-0376,784.01
2022-11-27,Technology,CUST-0168,155.4
2022-10-25,Furniture,CUST-0312,205.24
2023-07-05,Office Supplies,CUST-0450,141.53
2023-01-27,Technology,CUST-0390,148.46
2023-03-28,Office Supplies,CUST-0320,169.3
2023-12-27,Office Supplies,CUST-0317,389.03
2022-10-09,Furniture,CUST-0040,80.11
2022-04-06,Furniture,CUST-0250,102.42
2022-11-29,Office Supplies,CUST-0347,241.58
2022-12-25,Office Supplies,CUST-0329,330.66
2022-09-30,Technology,CUST-0240,131.43
2023-08-28,Office Supplies,CUST-0114,246.61
2023-05-18,Office Supplies,CUST-0068,145.4
2023-10-04,Office Supplies,CUST-0042,191.3
2023-09-09,Furniture,CUST-0133,296.13
2022-03-14,Furniture,CUST-0346,163.8
2022-03-01,Furniture,CUST-0327,71.05
2023-03-10,Technology,CUST-0083,31.22
2023-12-01,Technology,CUST-0069,183.49
2023-09-03,Office Supplies,CUST-0451,165.49
2023-02-06,Office Supplies,CUST-0472,20.75
2022-06-28,Furniture,CUST-0018,237.32
2023-02-07,Office Supplies,CUST-0424,74.17
2022-07-06,Office Supplies,CUST-0409,271.72
2022-11-05,Office Supplies,CUST-0427,232.16
2023-02-22,Technology,CUST-0216,143.24
2023-01-18,Office Supplies,CUST-0121,49.07
2022-03-07,Office Supplies,CUST-0370,357.9
2023-08-07,Office Supplies,CUST-0453,144.13
2022-06-06,Technology,CUST-0016,339.35
2022-05-12,Office Supplies,CUST-0297,143.86
2023-02-14,Furniture,CUST-0051,265.34
2023-06-08,Furniture,CUST-0290,166.34
2023-03-07,Furniture,CUST-0021,932.59
2022-03-12,Furniture,CUST-0073,71.06
2022-07-18,Furniture,CUST-0283,209.65
2022-06-11,Office Supplies,CUST-0371,155.44
2022-08-03,Office Supplies,CUST-0377,559.42
2023-08-03,Technology,CUST-0142,32.65
2022-02-10,Furniture,CUST-0094,411.03
2022-11-28,Furniture,CUST-0264,97.08
2023-11-12,Furniture,CUST-0206,250.34
2022-04-25,Furniture,CUST-0095,100.28
2023-11-29,Technology,CUST-0274,96.44
2023-11-10,Technology,CUST-0297,39.89
2022-12-03,Technology,CUST-0493,142.14
2022-10-05,Office Supplies,CUST-0377,145.49
2023-08-15,Furniture,CUST-0457,55.22
2023-01-23,Furniture,CUST-0476,96.2
2023-04-27,Office Supplies,CUST-0035,557.24
2023-10-21,Technology,CUST-0206,96.24
2022-09-11,Office Supplies,CUST-0243,612.78
2022-04-11,Technology,CUST-0218,409.0
2022-11-27,Technology,CUST-0339,345.78
2023-12-29,Technology,CUST-0376,547.5
2022-03-24,Furniture,CUST-0478,187.84
2023-09-28,Office Supplies,CUST-0115,231.42
2023-05-17,Technology,CUST-0288,85.9
2023-06-20,Technology,CUST-0288,67.27
2022-01-11,Furniture,CUST-0068,234.94
2022-03-15,Office Supplies,CUST-0394,476.98
2022-10-23,Technology,CUST-0302,289.09
2022-05-12,Office Supplies,CUST-0398,115.37
2022-08-17,Office Supplies,CUST-0285,287.37
2022-08-21,Technology,CUST-0189,205.11
2022-11-28,Furniture,CUST-0154,202.17
2022-06-23,Furniture,CUST-0018,741.5
2022-12-17,Furniture,CUST-0435,356.08
2022-06-13,Office Supplies,CUST-0014,233.54
2022-06-21,Furniture,CUST-0213,451.87
2023-04-21,Office Supplies,CUST-0127,120.32
2022-09-12,Technology,CUST-0280,542.62
2022-06-11,Office Supplies,CUST-0478,22.27
2023-06-02,Furniture,CUST-0426,126.43
2023-07-07,Furniture,CUST-0364,709.83
2022-12-10,Office Supplies,CUST-0356,356.18
2022-07-17,Technology,CUST-0039,415.87
2022-06-08,Office Supplies,CUST-0227,239.54
2022-01-22,Furniture,CUST-0229,254.03
2023-08-02,Office Supplies,CUST-0489,254.94
2022-08-10,Technology,CUST-0202,210.09
2023-12-26,Office Supplies,CUST-0418,89.85
2023-04-25,Furniture,CUST-0421,158.02
2023-01-25,Technology,CUST-0294,323.0
2023-07-07,Furniture,CUST-0457,218.82
2023-01-04,Furniture,CUST-0186,78.28
2022-09-19,Technology,CUST-0317,247.92
2022-01-31,Office Supplies,CUST-0459,50.5
2023-05-25,Office Supplies,CUST-0287,254.8
2023-12-03,Technology,CUST-0250,35.38
2022-12-11,Office Supplies,CUST-0453,109.74
2023-02-22,Office Supplies,CUST-0466,373.94
2023-02-03,Office Supplies,CUST-0053,158.22
2022-07-14,Office Supplies,CUST-0461,317.29
2023-10-31,Furniture,CUST-0388,151.49
2022-12-07,Office Supplies,CUST-0076,101.36
2022-12-26,Office Supplies,CUST-0480,461.16
2022-03-24,Office Supplies,CUST-0219,248.83
2022-06-26,Technology,CUST-0325,137.17
2022-04-01,Furniture,CUST-0204,313.26
2023-09-03,Technology,CUST-0044,90.55
2022-01-30,Furniture,CUST-0357,344.92
2022-09-05,Furniture,CUST-0445,113.22
2023-02-23,Office Supplies,CUST-0173,257.33
2023-05-26,Furniture,CUST-0169,139.38
2022-12-09,Furniture,CUST-0437,884.3
2023-02-20,Technology,CUST-0165,353.13
2023-03-30,Furniture,CUST-0087,754.03
2022-04-02,Furniture,CUST-0186,836.84
2022-06-10,Office Supplies,CUST-0339,172.13
2023-09-11,Technology,CUST-0035,459.25
2023-11-27,Technology,CUST-0323,257.53
2023-05-03,Office Supplies,CUST-0241,420.96
2022-08-28,Office Supplies,CUST-0445,141.38
2023-05-02,Furniture,CUST-0380,503.07
2022-10-31,Furniture,CUST-0387,113.28
2023-02-28,Office Supplies,CUST-0209,429.32
2022-10-02,Office Supplies,CUST-0117,188.0
2023-03-23,Technology,CUST-0184,69.22
2022-10-27,Office Supplies,CUST-0307,279.81
2022-09-18,Technology,CUST-0262,267.85
2023-02-10,Office Supplies,CUST-0464,64.86
2022-09-16,Technology,CUST-0320,14.3
2022-09-23,Office Supplies,CUST-0090,476.09
2022-06-03,Office Supplies,CUST-0486,493.27
2023-02-11,Office Supplies,CUST-0277,193.15
2022-11-10,Technology,CUST-0433,115.7
2023-07-13,Technology,CUST-0446,404.78
2022-11-24,Furniture,CUST-0246,238.81
2022-10-29,Technology,CUST-0377,436.69
2022-01-15,Office Supplies,CUST-0384,284.0
2022-10-07,Office Supplies,CUST-0305,332.66
2023-10-28,Furniture,CUST-0498,154.14
2022-01-26,Technology,CUST-0433,282.22
2022-10-20,Office Supplies,CUST-0053,204.9
2023-08-01,Office Supplies,CUST-0368,210.01
2022-01-14,Technology,CUST-0222,159.49
2023-01-19,Furniture,CUST-0091,199.06
2023-03-13,Office Supplies,CUST-0043,226.49
2022-11-25,Office Supplies,CUST-0188,270.57
2022-09-28,Technology,CUST-0284,349.03
2023-10-15,Furniture,CUST-0151,156.97
2022-12-10,Furniture,CUST-0414,130.42
2023-09-13,Office Supplies,CUST-0489,78.1
2022-07-17,Technology,CUST-0272,64.16
2023-10-26,Technology,CUST-0385,133.02
2023-07-20,Furniture,CUST-0383,238.01
2022-12-22,Technology,CUST-0125,90.99
2022-12-14,Office Supplies,CUST-0341,112.41
2023-03-01,Furniture,CUST-0446,547.57
2022-11-24,Furniture,CUST-0492,240.51
2022-12-09,Office Supplies,CUST-0461,220.09
2023-06-21,Office Supplies,CUST-0381,383.66
2022-11-12,Furniture,CUST-0078,110.68
2022-12-21,Office Supplies,CUST-0150,295.77
2022-09-01,Furniture,CUST-0200,589.83
2022-07-09,Technology,CUST-0271,132.23
2023-12-05,Technology,CUST-0297,32.45
2023-04-18,Office Supplies,CUST-0319,275.24
2022-07-04,Furniture,CUST-0112,180.66
2022-10-23,Office Supplies,CUST-0001,133.98
2023-10-24,Office Supplies,CUST-0001,501.86
2023-05-17,Furniture,CUST-0189,456.48
2022-10-08,Office Supplies,CUST-0101,101.19
2022-12-24,Technology,CUST-0203,258.78
2022-12-28,Office Supplies,CUST-0062,169.3
2023-08-03,Furniture,CUST-0385,61.23
2022-05-14,Technology,CUST-0481,182.89
2023-02-25,Office Supplies,CUST-0188,106.12
2022-06-11,Technology,CUST-0227,444.29
2022-02-16,Office Supplies,CUST-0428,110.14
2023-12-25,Office Supplies,CUST-0092,70.36
2022-03-21,Technology,CUST-0420,271.37
2023-08-31,Office Supplies,CUST-0399,288.84
2022-09-09,Technology,CUST-0100,343.64
2022-01-18,Technology,CUST-0211,262.76
2023-01-15,Office Supplies,CUST-0340,473.8
2023-04-14,Technology,CUST-0316,217.61
2023-06-20,Technology,CUST-0479,628.01
2023-07-30,Office Supplies,CUST-0389,94.84
2022-05-12,Technology,CUST-0392,280.7
2022-02-21,Furniture,CUST-0446,247.24
2023-05-06,Furniture,CUST-0370,350.27
2023-06-10,Office Supplies,CUST-0101,204.55
2023-04-06,Office Supplies,CUST-0371,575.62
2022-09-16,Office Supplies,CUST-0238,356.48
2022-09-30,Technology,CUST-0143,1309.1
2022-08-24,Office Supplies,CUST-0299,155.77
2023-08-20,Technology,CUST-0176,906.34
2023-02-03,Technology,CUST-0362,274.31
2023-03-20,Furniture,CUST-0105,203.41
2022-08-19,Office Supplies,CUST-0395,457.12
2023-01-31,Furniture,CUST-0283,340.29
2023-06-27,Technology,CUST-0027,214.34
2023-06-13,Office Supplies,CUST-0220,447.25
2023-03-05,Office Supplies,CUST-0279,227.39
2023-12-22,Furniture,CUST-0106,138.91
2022-05-23,Technology,CUST-0463,76.19
2022-01-05,Furniture,CUST-0029,47.88
2023-01-01,Office Supplies,CUST-0356,552.84
2023-12-19,Office Supplies,CUST-0278,171.49
2022-11-01,Technology,CUST-0358,324.73
2022-04-16,Technology,CUST-0474,150.23
2023-11-07,Technology,CUST-0322,151.57
2023-05-02,Furniture,CUST-0214,521.81
2023-09-25,Furniture,CUST-0443,166.25
2023-02-07,Technology,CUST-0397,240.62
2022-11-19,Office Supplies,CUST-0291,100.89
2023-11-10,Office Supplies,CUST-0014,42.27
2022-07-12,Office Supplies,CUST-0093,347.15
2023-04-10,Technology,CUST-0234,58.09
2022-09-16,Technology,CUST-0108,30.88
2023-09-21,Technology,CUST-0486,380.34
2023-11-28,Technology,CUST-0066,184.14
2023-07-29,Office Supplies,CUST-0476,494.34
2023-07-23,Furniture,CUST-0468,250.52
2022-06-02,Office Supplies,CUST-0242,158.61
2023-09-17,Technology,CUST-0089,499.88
2023-05-21,Office Supplies,CUST-0303,124.22
2022-12-24,Office Supplies,CUST-0225,158.7
2022-12-22,Office Supplies,CUST-0261,65.79
2023-03-23,Technology,CUST-0397,564.17
2022-04-29,Technology,CUST-0245,309.03
2023-06-08,Technology,CUST-0236,172.59
2023-06-18,Furniture,CUST-0089,42.21
2023-04-07,Office Supplies,CUST-0045,187.47
2023-01-21,Technology,CUST-0149,384.51
2023-03-21,Furniture,CUST-0432,132.62
2023-04-04,Technology,CUST-0204,94.5
2022-01-21,Office Supplies,CUST-0051,280.29
2022-02-20,Office Supplies,CUST-0254,219.66
2023-07-27,Office Supplies,CUST-0459,145.81
2022-04-13,Technology,CUST-0048,261.92
2022-08-21,Furniture,CUST-0228,558.15
2023-03-21,Technology,CUST-0324,586.82
2022-06-06,Office Supplies,CUST-0063,142.14
2023-05-06,Technology,CUST-0024,236.28
2023-12-18,Technology,CUST-0101,184.93
2023-11-05,Technology,CUST-0306,339.12
2023-04-19,Furniture,CUST-0465,273.44
2022-05-09,Technology,CUST-0137,267.51
2023-10-11,Furniture,CUST-0468,31.35
2022-09-03,Technology,CUST-0286,24.0
2022-03-08,Office Supplies,CUST-0003,126.45
2023-04-25,Technology,CUST-0296,133.7
2022-10-01,Furniture,CUST-0167,190.72
2022-10-21,Office Supplies,CUST-0338,230.96
2022-12-10,Office Supplies,CUST-0253,295.22
2022-10-18,Technology,CUST-0290,581.44
2023-05-23,Furniture,CUST-0310,135.6
2022-01-21,Office Supplies,CUST-0326,51.27
2023-10-19,Furniture,CUST-0141,311.75
2022-08-01,Technology,CUST-0481,455.42
2023-06-22,Office Supplies,CUST-0345,283.87
2023-05-02,Office Supplies,CUST-0272,348.08
2023-11-03,Office Supplies,CUST-0108,44.49
2022-05-01,Furniture,CUST-0272,44.67
2023-04-18,Furniture,CUST-0121,164.71
2023-06-22,Office Supplies,CUST-0126,208.85
2023-06-24,Furniture,CUST-0470,580.65
2022-01-05,Furniture,CUST-0243,176.12
2023-02-24,Technology,CUST-0305,316.34
2023-04-25,Furniture,CUST-0477,594.65
2022-10-05,Technology,CUST-0126,171.54
2023-03-07,Office Supplies,CUST-0051,370.63
2022-09-27,Technology,CUST-0021,357.07
2023-04-13,Furniture,CUST-0365,247.87
2022-02-27,Technology,CUST-0366,242.13
2022-09-26,Furniture,CUST-0323,285.16
2023-11-24,Office Supplies,CUST-0089,95.75
2023-11-05,Office Supplies,CUST-0464,226.75
2022-03-04,Technology,CUST-0028,279.1
2023-12-21,Technology,CUST-0063,636.0
2023-10-15,Technology,CUST-0365,315.87
2023-12-30,Office Supplies,CUST-0129,227.43
2022-09-25,Office Supplies,CUST-0238,149.83
2023-01-19,Office Supplies,CUST-0430,596.63
2022-01-26,Technology,CUST-0286,74.65
2022-01-19,Office Supplies,CUST-0067,199.18
2023-06-14,Furniture,CUST-0112,373.56
2023-08-05,Furniture,CUST-0203,113.19
2023-02-14,Office Supplies,CUST-0176,92.46
2022-07-08,Office Supplies,CUST-0103,671.94
2022-06-22,Technology,CUST-0487,178.52
2023-11-15,Technology,CUST-0449,49.69
2022-02-06,Office Supplies,CUST-0244,330.79
2023-02-13,Furniture,CUST-0333,291.43
2023-06-09,Technology,CUST-0442,67.85
2023-10-26,Technology,CUST-0032,21.66
2023-09-02,Office Supplies,CUST-0377,244.47
2022-11-26,Technology,CUST-0377,161.2
2023-03-02,Furniture,CUST-0174,91.55
2022-11-26,Office Supplies,CUST-0402,144.64
2022-10-07,Office Supplies,CUST-0151,148.58
2023-05-24,Office Supplies,CUST-0105,82.86
2022-11-30,Technology,CUST-0152,80.51
2023-11-07,Furniture,CUST-0461,169.28
2022-02-02,Technology,CUST-0257,343.46
2022-04-23,Office Supplies,CUST-0342,439.57
2023-12-26,Furniture,CUST-0138,195.82
2022-03-11,Furniture,CUST-0483,208.09
2022-12-17,Furniture,CUST-0339,119.25
2023-08-19,Furniture,CUST-0377,381.47
2022-08-23,Furniture,CUST-0157,202.08
2022-07-15,Furniture,CUST-0160,108.39
2022-01-09,Office Supplies,CUST-0320,241.68
2023-06-18,Office Supplies,CUST-0170,529.4
2023-05-19,Office Supplies,CUST-0344,1065.2
2022-11-02,Office Supplies,CUST-0220,613.99
2023-11-28,Technology,CUST-0180,302.5
2023-06-02,Furniture,CUST-0357,58.54
2023-07-24,Office Supplies,CUST-0490,294.71
2022-10-30,Technology,CUST-0004,127.31
2022-04-29,Technology,CUST-0204,244.16
2022-10-06,Technology,CUST-0476,233.53
2022-12-12,Office Supplies,CUST-0237,295.82
2023-11-30,Technology,CUST-0233,720.67
2022-12-17,Furniture,CUST-0421,169.66
2022-09-02,Technology,CUST-0127,449.28
2023-08-06,Technology,CUST-0470,290.81
2022-04-27,Technology,CUST-0402,321.78
2023-05-04,Technology,CUST-0228,257.72
2022-06-21,Office Supplies,CUST-0343,352.54
2022-02-06,Office Supplies,CUST-0265,109.61
2023-10-11,Furniture,CUST-0475,83.18
2022-07-28,Technology,CUST-0088,158.94
2022-05-16,Office Supplies,CUST-0408,280.66
2023-11-22,Furniture,CUST-0301,49.84
2023-06-29,Technology,CUST-0206,148.55
2023-01-17,Technology,CUST-0334,143.19
2022-01-30,Office Supplies,CUST-0082,521.41
2022-09-10,Office Supplies,CUST-0030,326.27
2023-12-12,Office Supplies,CUST-0297,383.01
2022-09-01,Office Supplies,CUST-0383,125.29
2023-01-08,Office Supplies,CUST-0367,476.01
2023-09-03,Technology,CUST-0386,12.83
2022-09-11,Office Supplies,CUST-0294,320.21
2022-12-21,Furniture,CUST-0310,191.63
2023-08-27,Office Supplies,CUST-0444,381.16
2022-09-09,Office Supplies,CUST-0031,113.42
2022-03-02,Technology,CUST-0413,163.61
2023-05-06,Furniture,CUST-0034,660.81
2023-01-08,Office Supplies,CUST-0481,64.42
2022-11-05,Office Supplies,CUST-0399,447.98
2023-10-15,Furniture,CUST-0111,348.06
2022-01-26,Office Supplies,CUST-0044,421.36
2022-06-10,Furniture,CUST-0261,167.57
2022-01-13,Technology,CUST-0386,133.84
2022-01-25,Office Supplies,CUST-0275,339.41
2022-11-12,Furniture,CUST-0218,416.31
2022-09-05,Office Supplies,CUST-0220,94.81
2022-05-14,Furniture,CUST-0478,568.78
2023-04-01,Office Supplies,CUST-0037,104.27
2023-09-10,Technology,CUST-0449,90.1
